ID,Experiment,Replicate,Phase,Site,SeedsSown,SeedsGerminated,GermProportion,Soil,Containment,Watering,Microtopography,SeedSource,SoilOrganicMatter,SoilBulkDensity,SoilVWaterContent,Elevation,MonthPrecipitation
1,Summer23,1,Phase1,Hester,50,2,0.04,Ambient,None,Watered Every Other,Flat,Hester,3.557924022,1.513209509,0.0931351115,-0.82458,0.2
2,Summer23,2,Phase1,Hester,50,0,0,PeatPot,PeatPot,Watered Every Other,Flat,Hester,3.557924022,1.513209509,0.0931351115,-0.82458,0.2
3,Summer23,3,Phase1,Hester,50,0,0,PottingSoil,None,Watered Every Other,Flat,Hester,3.432613696,1.570490099,0.06981643094,-0.82458,0.2
4,Summer23,4,Phase1,Hester,50,0,0,Compost,None,Watered Every Other,Flat,Hester,3.432613696,1.570490099,0.06981643094,-0.82458,0.2
5,Summer23,5,Phase1,Hester,50,0,0,Ambient,None,Watered Every Other,Flat,Hester,3.248504971,1.304976606,0.06946255251,-0.82457,0.2
6,Summer23,6,Phase1,Hester,50,0,0,PeatPot,PeatPot,Watered Every Other,Flat,Hester,3.248504971,1.304976606,0.06946255251,-0.82458,0.2
7,Summer23,7,Phase1,Hester,50,1,0.02,PottingSoil,None,Watered Every Other,Flat,Hester,4.668489676,1.604329127,0.07405879927,-0.8051,0.2
8,Summer23,8,Phase1,Hester,50,0,0,Compost,None,Watered Every Other,Flat,Hester,4.668489676,1.604329127,0.07405879927,-0.80077,0.2
9,Summer23,9,Phase1,Hester,50,0,0,Ambient,None,Watered Every Other,Flat,Hester,2.465910175,1.491469351,0.09671081818,-0.82458,0.2
10,Summer23,10,Phase1,Hester,50,0,0,PeatPot,PeatPot,Watered Every Other,Flat,Hester,2.465910175,1.491469351,0.09671081818,-0.82457,0.2
11,Summer23,11,Phase1,Hester,50,0,0,PottingSoil,None,Watered Every Other,Flat,Hester,3.545160914,1.785339572,0.09275730623,-0.74731,0.2
12,Summer23,12,Phase1,Hester,50,1,0.02,Compost,None,Watered Every Other,Flat,Hester,3.545160914,1.785339572,0.09275730623,-0.80108,0.2
13,Summer23,13,Phase1,Hester,50,0,0,Ambient,None,Watered Every Other,Flat,Hester,3.140467977,1.554610331,0.08956040615,-0.76918,0.2
14,Summer23,14,Phase1,Hester,50,0,0,PeatPot,PeatPot,Watered Every Other,Flat,Hester,3.140467977,1.554610331,0.08956040615,-0.77036,0.2
15,Summer23,15,Phase1,Hester,50,1,0.02,PottingSoil,None,Watered Every Other,Flat,Hester,4.361885105,1.416324023,0.08382274426,-0.78721,0.2
16,Summer23,16,Phase1,Hester,50,1,0.02,Compost,None,Watered Every Other,Flat,Hester,4.361885105,1.416324023,0.08382274426,-0.82457,0.2
17,Summer23,17,Phase1,Hester,50,0,0,Ambient,None,Watered Every Other,Flat,Hester,3.446848764,1.326716764,0.09397264178,-0.7501,0.2
18,Summer23,18,Phase1,Hester,50,0,0,PeatPot,PeatPot,Watered Every Other,Flat,Hester,3.446848764,1.326716764,0.09397264178,-0.74732,0.2
19,Summer23,19,Phase1,Hester,50,1,0.02,PottingSoil,None,Watered Every Other,Flat,Hester,3.668777399,1.519637034,0.09131056789,-0.77167,0.2
20,Summer23,20,Phase1,Hester,50,0,0,Compost,None,Watered Every Other,Flat,Hester,3.668777399,1.519637034,0.09131056789,-0.74731,0.2
21,Summer23,21,Phase1,Hester,50,0,0,Ambient,None,Watered Every Other,Flat,Hester,3.87962855,1.623706224,0.09296774945,-0.82458,0.2
22,Summer23,22,Phase1,Hester,50,0,0,PeatPot,PeatPot,Watered Every Other,Flat,Hester,3.87962855,1.623706224,0.09296774945,-0.82458,0.2
23,Summer23,23,Phase1,Hester,50,0,0,PottingSoil,None,Watered Every Other,Flat,Hester,3.699164345,1.735431731,0.1124727669,-0.75675,0.2
24,Summer23,24,Phase1,Hester,50,0,0,Compost,None,Watered Every Other,Flat,Hester,3.699164345,1.735431731,0.1124727669,-0.82458,0.2
25,Summer23,25,Phase1,Hester,50,0,0,Ambient,None,Watered Every Other,Flat,Hester,2.91847146,1.834680278,0.1092220505,-0.7727,0.2
26,Summer23,26,Phase1,Hester,50,0,0,PeatPot,PeatPot,Watered Every Other,Flat,Hester,2.91847146,1.834680278,0.1092220505,-0.80772,0.2
27,Summer23,27,Phase1,Hester,50,0,0,PottingSoil,None,Watered Every Other,Flat,Hester,3.373700696,1.61964176,0.09395973154,-0.82458,0.2
28,Summer23,28,Phase1,Hester,50,0,0,Compost,None,Watered Every Other,Flat,Hester,3.373700696,1.61964176,0.09395973154,-0.82458,0.2
29,Summer23,29,Phase1,Hester,50,3,0.06,Ambient,None,Watered Every Other,Flat,Hester,3.804232498,1.399877121,0.09858203916,-0.82458,0.2
30,Summer23,30,Phase1,Hester,50,0,0,PeatPot,PeatPot,Watered Every Other,Flat,Hester,3.804232498,1.399877121,0.09858203916,-0.7882,0.2
31,Summer23,31,Phase1,Hester,50,1,0.02,PottingSoil,None,Watered Every Other,Flat,Hester,4.389780906,1.658301432,0.1741906065,-0.75282,0.2
32,Summer23,32,Phase1,Hester,50,0,0,Compost,None,Watered Every Other,Flat,Hester,4.389780906,1.658301432,0.1741906065,-0.82576,0.2
33,Summer23,33,Phase2,Hester,50,0,0,Ambient,None,Watered Every Other,Flat,Hester,8.021380093,0.3608026892,0.07001693958,-0.82576,0.2
34,Summer23,34,Phase2,Hester,50,1,0.02,PeatPot,PeatPot,Watered Every Other,Flat,Hester,8.021380093,0.3608026892,0.07001693958,-0.82576,0.2
35,Summer23,35,Phase2,Hester,50,6,0.12,PottingSoil,None,Watered Every Other,Flat,Hester,10.20269878,0.8965060609,0.08396773094,-0.82576,0.2
36,Summer23,36,Phase2,Hester,50,6,0.12,Compost,None,Watered Every Other,Flat,Hester,10.20269878,0.8965060609,0.08396773094,-0.8257,0.2
37,Summer23,37,Phase2,Hester,50,0,0,Ambient,None,Watered Every Other,Flat,Hester,6.986287856,1.431190791,0.1701067616,-0.8257,0.2
38,Summer23,38,Phase2,Hester,50,0,0,PeatPot,PeatPot,Watered Every Other,Flat,Hester,6.986287856,1.431190791,0.1701067616,-0.8257,0.2
39,Summer23,39,Phase2,Hester,50,0,0,PottingSoil,None,Watered Every Other,Flat,Hester,2.593959172,2.01436284,0.04222503161,-0.8257,0.2
40,Summer23,40,Phase2,Hester,50,0,0,Compost,None,Watered Every Other,Flat,Hester,2.593959172,2.01436284,0.04222503161,-0.51076,0.2
41,Summer23,41,Phase2,Hester,50,0,0,Ambient,None,Watered Every Other,Flat,Hester,2.660015024,1.959254355,0.04762399917,-0.51076,0.2
42,Summer23,42,Phase2,Hester,50,0,0,PeatPot,PeatPot,Watered Every Other,Flat,Hester,2.660015024,1.959254355,0.04762399917,-0.51076,0.2
43,Summer23,43,Phase2,Hester,50,0,0,PottingSoil,None,Watered Every Other,Flat,Hester,2.892684959,1.534582866,0.04480584135,-0.51076,0.2
44,Summer23,44,Phase2,Hester,50,1,0.02,Compost,None,Watered Every Other,Flat,Hester,2.892684959,1.534582866,0.04480584135,-0.51076,0.2
45,Summer23,45,Phase2,Hester,50,0,0,Ambient,None,Watered Every Other,Flat,Hester,3.887436088,1.608739941,0.0548977395,-0.51076,0.2
46,Summer23,46,Phase2,Hester,50,0,0,PeatPot,PeatPot,Watered Every Other,Flat,Hester,3.887436088,1.608739941,0.0548977395,-0.51076,0.2
47,Summer23,47,Phase2,Hester,50,0,0,PottingSoil,None,Watered Every Other,Flat,Hester,2.972048591,1.533971682,0.06447971313,-0.51076,0.2
48,Summer23,48,Phase2,Hester,50,0,0,Compost,None,Watered Every Other,Flat,Hester,2.972048591,1.533971682,0.06447971313,-0.6653,0.2
49,Summer23,49,Phase2,Hester,50,0,0,Ambient,None,Watered Every Other,Flat,Hester,3.192332066,1.266069064,0.04352723469,-0.6653,0.2
50,Summer23,50,Phase2,Hester,50,0,0,PeatPot,PeatPot,Watered Every Other,Flat,Hester,3.192332066,1.266069064,0.04352723469,-0.6653,0.2
51,Summer23,51,Phase2,Hester,50,10,0.2,PottingSoil,None,Watered Every Other,Flat,Hester,2.659330582,3.802281756,0.03249658424,-0.6653,0.2
52,Summer23,52,Phase2,Hester,50,2,0.04,Compost,None,Watered Every Other,Flat,Hester,2.659330582,3.802281756,0.03249658424,-0.6653,0.2
53,Summer23,53,Phase2,Hester,50,4,0.08,Ambient,None,Watered Every Other,Flat,Hester,2.063789869,1.471325252,0.03849349211,-0.66529,0.2
54,Summer23,54,Phase2,Hester,50,0,0,PeatPot,PeatPot,Watered Every Other,Flat,Hester,2.063789869,1.471325252,0.03849349211,-0.66529,0.2
55,Summer23,55,Phase2,Hester,50,0,0,PottingSoil,None,Watered Every Other,Flat,Hester,3.92051983,1.651624733,0.05772788948,-0.66529,0.2
56,Summer23,56,Phase2,Hester,50,0,0,Compost,None,Watered Every Other,Flat,Hester,3.92051983,1.651624733,0.05772788948,-0.66529,0.2
57,Summer23,57,Phase2,Hester,50,0,0,Ambient,None,Watered Every Other,Flat,Hester,2.94733929,1.673118061,0.07579908676,-0.66529,0.2
58,Summer23,58,Phase2,Hester,50,0,0,PeatPot,PeatPot,Watered Every Other,Flat,Hester,2.94733929,1.673118061,0.07579908676,-0.66529,0.2
59,Summer23,59,Phase2,Hester,50,0,0,PottingSoil,None,Watered Every Other,Flat,Hester,2.811821207,1.285219517,0.02243005469,-0.66528,0.2
60,Summer23,60,Phase2,Hester,50,0,0,Compost,None,Watered Every Other,Flat,Hester,2.811821207,1.285219517,0.02243005469,-0.66528,0.2
61,Summer23,61,Phase2,Hester,50,0,0,Ambient,None,Watered Every Other,Flat,Hester,2.740293561,2.02872568,0.05744125326,-0.66528,0.2
62,Summer23,62,Phase2,Hester,50,0,0,PeatPot,PeatPot,Watered Every Other,Flat,Hester,2.740293561,2.02872568,0.05744125326,-0.66528,0.2
63,Summer23,63,Phase2,Hester,50,0,0,PottingSoil,None,Watered Every Other,Flat,Hester,3.761024182,3.488642151,0.064879701,-0.66528,0.2
64,Summer23,64,Phase2,Hester,50,0,0,Compost,None,Watered Every Other,Flat,Hester,3.761024182,3.488642151,0.064879701,-0.66528,0.2
65,Winter24,101,Phase2,Hester,120,0,0,YampahMud,GermPaper,None,Flat,Hester,7.576916289,0.07718158591,0.05904059041,-0.51076,5.05
66,Winter24,102,Phase2,Hester,120,0,0,YampahMud,GermPaper,None,Flat,Hester,7.576916289,0.07718158591,0.05904059041,-0.51076,5.05
67,Winter24,103,Phase2,Hester,120,0,0,YampahMud,GermPaper,None,Flat,Hester,7.576916289,0.07718158591,0.05904059041,-0.51076,5.05
68,Winter24,104,Phase2,Hester,120,0,0,YampahMud,GermPaper,None,Flat,Hester,7.576916289,0.07718158591,0.05904059041,-0.51076,5.05
69,Winter24,105,Phase2,Hester,120,0,0,YampahMud,GermPaper,None,Flat,Hester,7.576916289,0.07718158591,0.05904059041,-0.51076,5.05
70,Winter24,106,Phase2,Hester,120,0,0,YampahMud,GermPaper,None,Flat,Hester,7.576916289,0.07718158591,0.05904059041,-0.51076,5.05
71,Winter24,113,Phase2,Hester,120,0,0,YampahMud,GermPaper,None,Flat,Hester,7.576916289,0.07718158591,0.05904059041,-0.51076,5.05
72,Winter24,114,Phase2,Hester,120,0,0,YampahMud,GermPaper,None,Flat,Hester,7.576916289,0.07718158591,0.05904059041,-0.51076,5.05
73,Winter24,115,Phase2,Hester,120,0,0,YampahMud,GermPaper,None,Flat,Hester,7.576916289,0.07718158591,0.05904059041,-0.51076,5.05
74,Winter24,116,Phase2,Hester,120,0,0,YampahMud,GermPaper,None,Flat,Hester,7.576916289,0.07718158591,0.05904059041,-0.51076,5.05
75,Winter24,117,Phase2,Hester,120,0,0,YampahMud,GermPaper,None,Flat,Hester,7.576916289,0.07718158591,0.05904059041,-0.51076,5.05
76,Winter24,118,Phase2,Hester,120,0,0,YampahMud,GermPaper,None,Flat,Hester,7.576916289,0.07718158591,0.05904059041,-0.51076,5.05
77,Winter24,125,Phase2,Hester,120,0,0,Coir,GermPaper,None,Flat,Hester,7.576916289,0.07718158591,0.05904059041,-0.51076,5.05
78,Winter24,126,Phase2,Hester,120,0,0,Coir,GermPaper,None,Flat,Hester,7.576916289,0.07718158591,0.05904059041,-0.51076,5.05
79,Winter24,127,Phase2,Hester,120,0,0,Coir,GermPaper,None,Flat,Hester,7.576916289,0.07718158591,0.05904059041,-0.51076,5.05
80,Winter24,128,Phase2,Hester,120,0,0,Coir,GermPaper,None,Flat,Hester,7.576916289,0.07718158591,0.05904059041,-0.51076,5.05
81,Winter24,129,Phase2,Hester,120,0,0,Coir,GermPaper,None,Flat,Hester,7.576916289,0.07718158591,0.05904059041,-0.51076,5.05
82,Winter24,130,Phase2,Hester,120,0,0,Coir,GermPaper,None,Flat,Hester,7.576916289,0.07718158591,0.05904059041,-0.51076,5.05
83,Winter24,131,Phase2,Hester,120,0,0,PottingSoil,GermPaper,None,Flat,Hester,7.576916289,0.07718158591,0.05904059041,-0.51076,5.05
84,Winter24,132,Phase2,Hester,120,0,0,PottingSoil,GermPaper,None,Flat,Hester,7.576916289,0.07718158591,0.05904059041,-0.51076,5.05
85,Winter24,133,Phase2,Hester,120,0,0,PottingSoil,GermPaper,None,Flat,Hester,7.576916289,0.07718158591,0.05904059041,-0.51076,5.05
86,Winter24,134,Phase2,Hester,120,0,0,PottingSoil,GermPaper,None,Flat,Hester,7.576916289,0.07718158591,0.05904059041,-0.51076,5.05
87,Winter24,135,Phase2,Hester,120,0,0,PottingSoil,GermPaper,None,Flat,Hester,7.576916289,0.07718158591,0.05904059041,-0.51076,5.05
88,Winter24,136,Phase2,Hester,120,0,0,PottingSoil,GermPaper,None,Flat,Hester,7.576916289,0.07718158591,0.05904059041,-0.51076,5.05
89,Winter24,137,Phase2,Hester,120,0,0,Ambient,None,None,Furrow,Hester,7.576916289,0.07718158591,0.05904059041,-0.5107,5.05
90,Winter24,138,Phase2,Hester,120,0,0,Ambient,None,None,Furrow,Hester,7.576916289,0.07718158591,0.05904059041,-0.5107,5.05
91,Winter24,139,Phase2,Hester,120,0,0,Ambient,None,None,Furrow,Hester,7.576916289,0.07718158591,0.05904059041,-0.5107,5.05
92,Winter24,140,Phase2,Hester,120,0,0,Ambient,None,None,Furrow,Hester,7.576916289,0.07718158591,0.05904059041,-0.5107,5.05
93,Winter24,141,Phase2,Hester,120,0,0,Ambient,None,None,Furrow,Hester,7.576916289,0.07718158591,0.05904059041,-0.5107,5.05
94,Winter24,142,Phase2,Hester,120,0,0,Ambient,None,None,Furrow,Hester,7.576916289,0.07718158591,0.05904059041,-0.5107,5.05
95,Winter24,143,Phase2,Hester,120,0,0,Ambient,None,None,Ridge,Hester,7.576916289,0.07718158591,0.05904059041,-0.5107,5.05
96,Winter24,144,Phase2,Hester,120,0,0,Ambient,None,None,Ridge,Hester,7.576916289,0.07718158591,0.05904059041,-0.51079,5.05
97,Winter24,145,Phase2,Hester,120,0,0,Ambient,None,None,Ridge,Hester,7.576916289,0.07718158591,0.05904059041,-0.51079,5.05
98,Winter24,146,Phase2,Hester,120,0,0,Ambient,None,None,Ridge,Hester,7.576916289,0.07718158591,0.05904059041,-0.51079,5.05
99,Winter24,147,Phase2,Hester,120,0,0,Ambient,None,None,Ridge,Hester,7.576916289,0.07718158591,0.05904059041,-0.51079,5.05
100,Winter24,148,Phase2,Hester,120,0,0,Ambient,None,None,Ridge,Hester,7.576916289,0.07718158591,0.05904059041,-0.51079,5.05
101,Winter24,149,Phase2,Hester,120,3,0.025,PottingSoil,None,None,Furrow,Hester,7.576916289,0.07718158591,0.05904059041,-0.51079,5.05
102,Winter24,150,Phase2,Hester,120,5,0.04166666667,PottingSoil,None,None,Furrow,Hester,7.576916289,0.07718158591,0.05904059041,-0.51074,5.05
103,Winter24,151,Phase2,Hester,120,7,0.05833333333,PottingSoil,None,None,Furrow,Hester,7.576916289,0.07718158591,0.05904059041,-0.51074,5.05
104,Winter24,152,Phase2,Hester,120,6,0.05,PottingSoil,None,None,Furrow,Hester,7.576916289,0.07718158591,0.05904059041,-0.51074,5.05
105,Winter24,153,Phase2,Hester,120,6,0.05,PottingSoil,None,None,Furrow,Hester,7.576916289,0.07718158591,0.05904059041,-0.51074,5.05
106,Winter24,154,Phase2,Hester,120,0,0,PottingSoil,None,None,Furrow,Hester,7.576916289,0.07718158591,0.05904059041,-0.51074,5.05
107,Winter24,155,Phase2,Hester,120,0,0,PottingSoil,None,None,Ridge,Hester,7.576916289,0.07718158591,0.05904059041,-0.51074,5.05
108,Winter24,156,Phase2,Hester,120,0,0,PottingSoil,None,None,Ridge,Hester,7.576916289,0.07718158591,0.05904059041,-0.51074,5.05
109,Winter24,157,Phase2,Hester,120,0,0,PottingSoil,None,None,Ridge,Hester,7.576916289,0.07718158591,0.05904059041,-0.51076,5.05
110,Winter24,158,Phase2,Hester,120,0,0,PottingSoil,None,None,Ridge,Hester,7.576916289,0.07718158591,0.05904059041,-0.51076,5.05
111,Winter24,159,Phase2,Hester,120,0,0,PottingSoil,None,None,Ridge,Hester,7.576916289,0.07718158591,0.05904059041,-0.51076,5.05
112,Winter24,160,Phase2,Hester,120,0,0,PottingSoil,None,None,Ridge,Hester,7.576916289,0.07718158591,0.05904059041,-0.51076,5.05
113,Winter24,173,Phase2,Hester,120,0,0,Ambient,None,None,Ridge,Hester,7.576916289,0.07718158591,0.05904059041,-0.51076,5.05
114,Winter24,174,Phase2,Hester,120,0,0,Ambient,None,None,Ridge,Hester,7.576916289,0.07718158591,0.05904059041,-0.51076,5.05
115,Winter24,175,Phase2,Hester,120,0,0,Ambient,None,None,Ridge,Hester,7.576916289,0.07718158591,0.05904059041,-0.51076,5.05
116,Winter24,176,Phase2,Hester,120,0,0,Ambient,None,None,Ridge,Hester,7.576916289,0.07718158591,0.05904059041,-0.51076,5.05
117,Winter24,177,Phase2,Hester,120,0,0,Ambient,None,None,Ridge,Hester,7.576916289,0.07718158591,0.05904059041,-0.51076,5.05
118,Winter24,178,Phase2,Hester,120,0,0,Ambient,None,None,Ridge,Hester,7.576916289,0.07718158591,0.05904059041,-0.51076,5.05
119,Winter26Transplant,1,NA,Estrada,122,37,0.3032786885,Ambient,Ground,None,Flat,Estrada,59.21432155,0.1382098879,0.4803344973,-0.51076,0.99
120,Winter26Transplant,2,NA,Estrada,122,35,0.2868852459,Ambient,Ground,None,Flat,Estrada,59.21432155,0.1382098879,0.4803344973,-0.51076,0.99
121,Winter26Transplant,3,NA,Estrada,122,75,0.6147540984,Ambient,Ground,None,Flat,Estrada,59.21432155,0.1382098879,0.4803344973,-0.51076,0.99
122,Winter26Transplant,4,NA,Estrada,122,3,0.02459016393,Ambient,Ground,None,Flat,Estrada,59.21432155,0.1382098879,0.4803344973,-0.51076,0.99
123,Winter26Transplant,5,NA,Estrada,122,7,0.05737704918,Ambient,Ground,None,Flat,Estrada,59.21432155,0.1382098879,0.4803344973,-0.51076,0.99
124,Winter26Transplant,6,NA,Estrada,122,0,0,Ambient,Ground,None,Flat,Estrada,59.21432155,0.08178643632,0.5005146113,-0.51076,0.99
125,Winter26Transplant,7,NA,Estrada,122,36,0.2950819672,Ambient,Ground,None,Flat,Estrada,59.21432155,0.08178643632,0.5005146113,-0.51076,0.99
126,Winter26Transplant,8,NA,Estrada,122,7,0.05737704918,Ambient,Ground,None,Flat,Estrada,59.21432155,0.08178643632,0.5005146113,-0.51076,0.99
127,Winter26Transplant,9,NA,Estrada,122,0,0,Ambient,Ground,None,Flat,Estrada,59.21432155,0.08178643632,0.5005146113,-0.51076,0.99
128,Winter26Transplant,10,NA,Estrada,122,5,0.04098360656,Ambient,Ground,None,Flat,Estrada,59.21432155,0.08178643632,0.5005146113,-0.51076,0.99
129,Winter26Transplant,11,NA,Estrada,92,1,0.01086956522,Ambient,Ground,None,Flat,Hester,59.21432155,0.1501562213,0.5243245727,-0.51078,0.99
130,Winter26Transplant,12,NA,Estrada,92,2,0.02173913043,Ambient,Ground,None,Flat,Hester,59.21432155,0.1501562213,0.5243245727,-0.51078,0.99
131,Winter26Transplant,13,NA,Estrada,92,0,0,Ambient,Ground,None,Flat,Hester,59.21432155,0.1501562213,0.5243245727,-0.51078,0.99
132,Winter26Transplant,14,NA,Estrada,92,0,0,Ambient,Ground,None,Flat,Hester,59.21432155,0.1501562213,0.5243245727,-0.51078,0.99
133,Winter26Transplant,15,NA,Estrada,92,1,0.01086956522,Ambient,Ground,None,Flat,Hester,59.21432155,0.1501562213,0.5243245727,-0.51078,0.99
134,Winter26Transplant,16,NA,Estrada,92,0,0,Ambient,Ground,None,Flat,Hester,59.21432155,0.168351406,0.4157140232,-0.51078,0.99
135,Winter26Transplant,17,NA,Estrada,92,0,0,Ambient,Ground,None,Flat,Hester,59.21432155,0.168351406,0.4157140232,-0.51078,0.99
136,Winter26Transplant,18,NA,Estrada,92,0,0,Ambient,Ground,None,Flat,Hester,59.21432155,0.168351406,0.4157140232,-0.51078,0.99
137,Winter26Transplant,19,NA,Estrada,92,0,0,Ambient,Ground,None,Flat,Hester,59.21432155,0.168351406,0.4157140232,-0.51076,0.99
138,Winter26Transplant,20,NA,Estrada,92,0,0,Ambient,Ground,None,Flat,Hester,59.21432155,0.168351406,0.4157140232,-0.51076,0.99
139,Winter26Transplant,21,NA,Estrada,101,1,0.009900990099,Ambient,Ground,None,Flat,SharkFlat,22.7059064,0.6471236905,0.557581327,-0.51076,0.99
140,Winter26Transplant,22,NA,Estrada,101,4,0.0396039604,Ambient,Ground,None,Flat,SharkFlat,22.7059064,0.6471236905,0.557581327,-0.51076,0.99
141,Winter26Transplant,23,NA,Estrada,101,0,0,Ambient,Ground,None,Flat,SharkFlat,22.7059064,0.6471236905,0.557581327,-0.51076,0.99
142,Winter26Transplant,24,NA,Estrada,101,3,0.0297029703,Ambient,Ground,None,Flat,SharkFlat,22.7059064,0.6471236905,0.557581327,-0.51076,0.99
143,Winter26Transplant,25,NA,Estrada,101,0,0,Ambient,Ground,None,Flat,SharkFlat,22.7059064,0.6471236905,0.557581327,-0.51076,0.99
144,Winter26Transplant,26,NA,Estrada,101,3,0.0297029703,Ambient,Ground,None,Flat,SharkFlat,47.5628567,0.2306561294,0.4742565705,-0.51076,0.99
145,Winter26Transplant,27,NA,Estrada,101,2,0.0198019802,Ambient,Ground,None,Flat,SharkFlat,47.5628567,0.2306561294,0.4742565705,-0.51076,0.99
146,Winter26Transplant,28,NA,Estrada,101,4,0.0396039604,Ambient,Ground,None,Flat,SharkFlat,47.5628567,0.2306561294,0.4742565705,-0.51076,0.99
147,Winter26Transplant,29,NA,Estrada,101,2,0.0198019802,Ambient,Ground,None,Flat,SharkFlat,47.5628567,0.2306561294,0.4742565705,-0.51076,0.99
148,Winter26Transplant,30,NA,Estrada,101,4,0.0396039604,Ambient,Ground,None,Flat,SharkFlat,47.5628567,0.2306561294,0.4742565705,-0.51076,0.99
149,Winter26Transplant,41,Phase2,Hester,122,1,0.008196721311,Ambient,Ground,None,Flat,Estrada,1.987210542,1.547325859,0.3384506525,-0.73782,0.99
150,Winter26Transplant,42,Phase2,Hester,122,0,0,Ambient,Ground,None,Flat,Estrada,1.987210542,1.547325859,0.3384506525,-0.73782,0.99
151,Winter26Transplant,43,Phase2,Hester,122,1,0.008196721311,Ambient,Ground,None,Flat,Estrada,1.987210542,1.547325859,0.3384506525,-0.73782,0.99
152,Winter26Transplant,44,Phase2,Hester,122,1,0.008196721311,Ambient,Ground,None,Flat,Estrada,1.987210542,1.547325859,0.3384506525,-0.73782,0.99
153,Winter26Transplant,45,Phase2,Hester,122,3,0.02459016393,Ambient,Ground,None,Flat,Estrada,1.987210542,1.547325859,0.3384506525,-0.73782,0.99
154,Winter26Transplant,46,Phase2,Hester,122,,0,Ambient,Ground,None,Flat,Estrada,2.264717661,1.464620474,0.2593677633,-0.73782,0.99
155,Winter26Transplant,47,Phase2,Hester,122,1,0.008196721311,Ambient,Ground,None,Flat,Estrada,2.264717661,1.464620474,0.2593677633,-0.73782,0.99
156,Winter26Transplant,48,Phase2,Hester,122,1,0.008196721311,Ambient,Ground,None,Flat,Estrada,2.264717661,1.464620474,0.2593677633,-0.73782,0.99
157,Winter26Transplant,49,Phase2,Hester,122,2,0.01639344262,Ambient,Ground,None,Flat,Estrada,2.264717661,1.464620474,0.2593677633,-0.73782,0.99
158,Winter26Transplant,50,Phase2,Hester,122,0,0,Ambient,Ground,None,Flat,Estrada,2.264717661,1.464620474,0.2593677633,-0.73782,0.99
159,Winter26Transplant,51,Phase2,Hester,92,0,0,Ambient,Ground,None,Flat,Hester,2.608316486,1.585554126,0.2285057894,-0.51076,0.99
160,Winter26Transplant,52,Phase2,Hester,92,0,0,Ambient,Ground,None,Flat,Hester,2.608316486,1.585554126,0.2285057894,-0.51076,0.99
161,Winter26Transplant,53,Phase2,Hester,92,0,0,Ambient,Ground,None,Flat,Hester,2.608316486,1.585554126,0.2285057894,-0.51076,0.99
162,Winter26Transplant,54,Phase2,Hester,92,0,0,Ambient,Ground,None,Flat,Hester,2.608316486,1.585554126,0.2285057894,-0.51076,0.99
163,Winter26Transplant,55,Phase2,Hester,92,0,0,Ambient,Ground,None,Flat,Hester,2.608316486,1.585554126,0.2285057894,-0.51076,0.99
164,Winter26Transplant,56,Phase2,Hester,92,0,0,Ambient,Ground,None,Flat,Hester,2.311562949,1.573791582,0.2140782944,-0.51076,0.99
165,Winter26Transplant,57,Phase2,Hester,92,0,0,Ambient,Ground,None,Flat,Hester,2.311562949,1.573791582,0.2140782944,-0.51076,0.99
166,Winter26Transplant,58,Phase2,Hester,92,0,0,Ambient,Ground,None,Flat,Hester,2.311562949,1.573791582,0.2140782944,-0.51076,0.99
167,Winter26Transplant,59,Phase2,Hester,92,0,0,Ambient,Ground,None,Flat,Hester,2.311562949,1.573791582,0.2140782944,-0.51076,0.99
168,Winter26Transplant,60,Phase2,Hester,92,0,0,Ambient,Ground,None,Flat,Hester,2.311562949,1.573791582,0.2140782944,-0.51076,0.99
169,Winter26Transplant,61,Phase2,Hester,101,0,0,Ambient,Ground,None,Flat,SharkFlat,3.017840823,1.485204926,0.2112479324,-0.51076,0.99
170,Winter26Transplant,62,Phase2,Hester,101,0,0,Ambient,Ground,None,Flat,SharkFlat,3.017840823,1.485204926,0.2112479324,-0.51076,0.99
171,Winter26Transplant,63,Phase2,Hester,101,0,0,Ambient,Ground,None,Flat,SharkFlat,3.017840823,1.485204926,0.2112479324,-0.51076,0.99
172,Winter26Transplant,64,Phase2,Hester,101,0,0,Ambient,Ground,None,Flat,SharkFlat,3.017840823,1.485204926,0.2112479324,-0.51076,0.99
173,Winter26Transplant,65,Phase2,Hester,101,0,0,Ambient,Ground,None,Flat,SharkFlat,3.017840823,1.485204926,0.2112479324,-0.51076,0.99
174,Winter26Transplant,66,Phase2,Hester,101,0,0,Ambient,Ground,None,Flat,SharkFlat,1.814148137,1.489615879,0.2359272193,-0.51076,0.99
175,Winter26Transplant,67,Phase2,Hester,101,0,0,Ambient,Ground,None,Flat,SharkFlat,1.814148137,1.489615879,0.2359272193,-0.51076,0.99
176,Winter26Transplant,68,Phase2,Hester,101,0,0,Ambient,Ground,None,Flat,SharkFlat,1.814148137,1.489615879,0.2359272193,-0.51076,0.99
177,Winter26Transplant,69,Phase2,Hester,101,0,0,Ambient,Ground,None,Flat,SharkFlat,1.814148137,1.489615879,0.2359272193,-0.51076,0.99
178,Winter26Transplant,70,Phase2,Hester,101,0,0,Ambient,Ground,None,Flat,SharkFlat,1.814148137,1.489615879,0.2359272193,-0.51076,0.99
179,Winter26Transplant,81,NA,SharkFlats,122,0,0,Ambient,Ground,None,Flat,Estrada,20.14419478,0.638117993,0.2577890094,-0.3404,0.99
180,Winter26Transplant,82,NA,SharkFlats,122,0,0,Ambient,Ground,None,Flat,Estrada,20.14419478,0.638117993,0.2577890094,-0.3404,0.99
181,Winter26Transplant,83,NA,SharkFlats,122,0,0,Ambient,Ground,None,Flat,Estrada,20.14419478,0.638117993,0.2577890094,-0.3404,0.99
182,Winter26Transplant,84,NA,SharkFlats,122,0,0,Ambient,Ground,None,Flat,Estrada,20.14419478,0.638117993,0.2577890094,-0.3404,0.99
183,Winter26Transplant,85,NA,SharkFlats,122,0,0,Ambient,Ground,None,Flat,Estrada,20.14419478,0.638117993,0.2577890094,-0.3404,0.99
184,Winter26Transplant,86,NA,SharkFlats,122,0,0,Ambient,Ground,None,Flat,Estrada,18.56840179,0.6860871163,0.3867267046,-0.3404,0.99
185,Winter26Transplant,87,NA,SharkFlats,122,0,0,Ambient,Ground,None,Flat,Estrada,18.56840179,0.6860871163,0.3867267046,-0.3404,0.99
186,Winter26Transplant,88,NA,SharkFlats,122,0,0,Ambient,Ground,None,Flat,Estrada,18.56840179,0.6860871163,0.3867267046,-0.3404,0.99
187,Winter26Transplant,89,NA,SharkFlats,122,0,0,Ambient,Ground,None,Flat,Estrada,18.56840179,0.6860871163,0.3867267046,-0.3404,0.99
188,Winter26Transplant,90,NA,SharkFlats,122,0,0,Ambient,Ground,None,Flat,Estrada,18.56840179,0.6860871163,0.3867267046,-0.3404,0.99
189,Winter26Transplant,91,NA,SharkFlats,92,2,0.02173913043,Ambient,Ground,None,Flat,Hester,17.7831554,0.8707958096,0.5241077008,-0.51072,0.99
190,Winter26Transplant,92,NA,SharkFlats,92,0,0,Ambient,Ground,None,Flat,Hester,17.7831554,0.8707958096,0.5241077008,-0.51072,0.99
191,Winter26Transplant,93,NA,SharkFlats,92,0,0,Ambient,Ground,None,Flat,Hester,17.7831554,0.8707958096,0.5241077008,-0.51072,0.99
192,Winter26Transplant,94,NA,SharkFlats,92,0,0,Ambient,Ground,None,Flat,Hester,17.7831554,0.8707958096,0.5241077008,-0.51072,0.99
193,Winter26Transplant,95,NA,SharkFlats,92,0,0,Ambient,Ground,None,Flat,Hester,17.7831554,0.8707958096,0.5241077008,-0.51072,0.99
194,Winter26Transplant,96,NA,SharkFlats,92,0,0,Ambient,Ground,None,Flat,Hester,12.96169132,0.9674692152,0.5084874104,-0.51072,0.99
195,Winter26Transplant,97,NA,SharkFlats,92,0,0,Ambient,Ground,None,Flat,Hester,12.96169132,0.9674692152,0.5084874104,-0.51072,0.99
196,Winter26Transplant,98,NA,SharkFlats,92,0,0,Ambient,Ground,None,Flat,Hester,12.96169132,0.9674692152,0.5084874104,-0.51072,0.99
197,Winter26Transplant,99,NA,SharkFlats,92,0,0,Ambient,Ground,None,Flat,Hester,12.96169132,0.9674692152,0.5084874104,-0.51072,0.99
198,Winter26Transplant,100,NA,SharkFlats,92,0,0,Ambient,Ground,None,Flat,Hester,12.96169132,0.9674692152,0.5084874104,-0.51072,0.99
199,Winter26Transplant,101,NA,SharkFlats,101,18,0.1782178218,Ambient,Ground,None,Flat,SharkFlat,14.10558578,0.7107149421,0.3002573056,-0.51818,0.99
200,Winter26Transplant,102,NA,SharkFlats,101,5,0.0495049505,Ambient,Ground,None,Flat,SharkFlat,14.10558578,0.7107149421,0.3002573056,-0.51818,0.99
201,Winter26Transplant,103,NA,SharkFlats,101,17,0.1683168317,Ambient,Ground,None,Flat,SharkFlat,14.10558578,0.7107149421,0.3002573056,-0.51818,0.99
202,Winter26Transplant,104,NA,SharkFlats,101,9,0.08910891089,Ambient,Ground,None,Flat,SharkFlat,14.10558578,0.7107149421,0.3002573056,-0.51818,0.99
203,Winter26Transplant,105,NA,SharkFlats,101,6,0.05940594059,Ambient,Ground,None,Flat,SharkFlat,14.10558578,0.7107149421,0.3002573056,-0.51818,0.99
204,Winter26Transplant,106,NA,SharkFlats,101,2,0.0198019802,Ambient,Ground,None,Flat,SharkFlat,14.28081218,0.9672854255,0.4384598419,-0.51818,0.99
205,Winter26Transplant,107,NA,SharkFlats,101,8,0.07920792079,Ambient,Ground,None,Flat,SharkFlat,14.28081218,0.9672854255,0.4384598419,-0.51818,0.99
206,Winter26Transplant,108,NA,SharkFlats,101,2,0.0198019802,Ambient,Ground,None,Flat,SharkFlat,14.28081218,0.9672854255,0.4384598419,-0.51818,0.99
207,Winter26Transplant,109,NA,SharkFlats,101,0,0,Ambient,Ground,None,Flat,SharkFlat,14.28081218,0.9672854255,0.4384598419,-0.51818,0.99
208,Winter26Transplant,110,NA,SharkFlats,101,0,0,Ambient,Ground,None,Flat,SharkFlat,14.28081218,0.9672854255,0.4384598419,-0.51818,0.99
209,Winter26Amendment,121,Phase3,Hester,450,3,0.006666666667,Ambient,Ground,Watered Daily,Flat,SeedMix,2.513941841,1.106046683,0.3386546591,-0.74538,0.99
210,Winter26Amendment,122,Phase3,Hester,450,0,0,Ambient,Ground,Watered Daily,Flat,SeedMix,2.513941841,1.106046683,0.3386546591,-0.74538,0.99
211,Winter26Amendment,123,Phase3,Hester,450,0,0,Ambient,Ground,Watered Daily,Flat,SeedMix,2.513941841,1.106046683,0.3386546591,-0.74538,0.99
212,Winter26Amendment,124,Phase3,Hester,450,0,0,Ambient,Ground,Watered Daily,Flat,SeedMix,2.513941841,1.106046683,0.3386546591,-0.74538,0.99
213,Winter26Amendment,125,Phase3,Hester,450,0,0,Ambient,Ground,Watered Daily,Flat,SeedMix,2.513941841,1.106046683,0.3386546591,-0.74538,0.99
214,Winter26Amendment,126,Phase3,Hester,450,0,0,Ambient,Ground,Watered Daily,Flat,SeedMix,2.50524557,1.111192795,0.2782503216,-0.74538,0.99
215,Winter26Amendment,127,Phase3,Hester,450,0,0,Ambient,Ground,Watered Daily,Flat,SeedMix,2.50524557,1.111192795,0.2782503216,-0.74538,0.99
216,Winter26Amendment,128,Phase3,Hester,450,0,0,Ambient,Ground,Watered Daily,Flat,SeedMix,2.50524557,1.111192795,0.2782503216,-0.74538,0.99
217,Winter26Amendment,129,Phase3,Hester,450,13,0.02888888889,Ambient,Ground,Watered Daily,Flat,SeedMix,2.50524557,1.111192795,0.2782503216,-0.74538,0.99
218,Winter26Amendment,130,Phase3,Hester,450,48,0.1066666667,Ambient,Ground,Watered Daily,Flat,SeedMix,2.50524557,1.111192795,0.2782503216,-0.74538,0.99
219,Winter26Amendment,131,Phase3,Hester,450,0,0,PottingSoil,Ground,Watered Daily,Flat,SeedMix,2.709361821,1.4534093,0.2534295166,-0.66528,0.99
220,Winter26Amendment,132,Phase3,Hester,450,0,0,PottingSoil,Ground,Watered Daily,Flat,SeedMix,2.709361821,1.4534093,0.2534295166,-0.66528,0.99
221,Winter26Amendment,133,Phase3,Hester,450,0,0,PottingSoil,Ground,Watered Daily,Flat,SeedMix,2.709361821,1.4534093,0.2534295166,-0.66528,0.99
222,Winter26Amendment,134,Phase3,Hester,450,0,0,PottingSoil,Ground,Watered Daily,Flat,SeedMix,2.709361821,1.4534093,0.2534295166,-0.66528,0.99
223,Winter26Amendment,135,Phase3,Hester,450,0,0,PottingSoil,Ground,Watered Daily,Flat,SeedMix,2.709361821,1.4534093,0.2534295166,-0.66528,0.99
224,Winter26Amendment,136,Phase3,Hester,450,0,0,PottingSoil,Ground,Watered Daily,Flat,SeedMix,6.668063956,1.339459658,0.2562212829,-0.66528,0.99
225,Winter26Amendment,137,Phase3,Hester,450,0,0,PottingSoil,Ground,Watered Daily,Flat,SeedMix,6.668063956,1.339459658,0.2562212829,-0.66528,0.99
226,Winter26Amendment,138,Phase3,Hester,450,0,0,PottingSoil,Ground,Watered Daily,Flat,SeedMix,6.668063956,1.339459658,0.2562212829,-0.66528,0.99
227,Winter26Amendment,139,Phase3,Hester,450,0,0,PottingSoil,Ground,Watered Daily,Flat,SeedMix,6.668063956,1.339459658,0.2562212829,-0.66528,0.99
228,Winter26Amendment,140,Phase3,Hester,450,0,0,PottingSoil,Ground,Watered Daily,Flat,SeedMix,6.668063956,1.339459658,0.2562212829,-0.66528,0.99
229,Winter26Amendment,141,Phase3,Hester,450,1,0.002222222222,PottingSoil,Ground,None,Flat,SeedMix,2.482513751,1.259878699,0.2796397721,-0.66528,0.99
230,Winter26Amendment,142,Phase3,Hester,450,0,0,PottingSoil,Ground,None,Flat,SeedMix,2.482513751,1.259878699,0.2796397721,-0.66528,0.99
231,Winter26Amendment,143,Phase3,Hester,450,0,0,PottingSoil,Ground,None,Flat,SeedMix,2.482513751,1.259878699,0.2796397721,-0.66528,0.99
232,Winter26Amendment,144,Phase3,Hester,450,0,0,PottingSoil,Ground,None,Flat,SeedMix,2.482513751,1.259878699,0.2796397721,-0.66528,0.99
233,Winter26Amendment,145,Phase3,Hester,450,0,0,PottingSoil,Ground,None,Flat,SeedMix,2.482513751,1.259878699,0.2796397721,-0.66528,0.99
234,Winter26Amendment,146,Phase3,Hester,450,0,0,PottingSoil,Ground,None,Flat,SeedMix,3.255967214,1.044109539,0.2907829443,-0.66528,0.99
235,Winter26Amendment,147,Phase3,Hester,450,0,0,PottingSoil,Ground,None,Flat,SeedMix,3.255967214,1.044109539,0.2907829443,-0.66528,0.99
236,Winter26Amendment,148,Phase3,Hester,450,0,0,PottingSoil,Ground,None,Flat,SeedMix,3.255967214,1.044109539,0.2907829443,-0.66528,0.99
237,Winter26Amendment,149,Phase3,Hester,450,0,0,PottingSoil,Ground,None,Flat,SeedMix,3.255967214,1.044109539,0.2907829443,-0.66528,0.99
238,Winter26Amendment,150,Phase3,Hester,450,0,0,PottingSoil,Ground,None,Flat,SeedMix,3.255967214,1.044109539,0.2907829443,-0.66528,0.99
239,Winter26Amendment,151,Phase3,Hester,450,0,0,Ambient,Ground,Watered Daily,Flat,SeedMix,2.30723414,1.258408381,0.2621337989,-0.78876,0.99
240,Winter26Amendment,152,Phase3,Hester,450,0,0,Ambient,Ground,Watered Daily,Flat,SeedMix,2.30723414,1.258408381,0.2621337989,-0.78876,0.99
241,Winter26Amendment,153,Phase3,Hester,450,1,0.002222222222,Ambient,Ground,Watered Daily,Flat,SeedMix,2.30723414,1.258408381,0.2621337989,-0.78876,0.99
242,Winter26Amendment,154,Phase3,Hester,450,0,0,Ambient,Ground,Watered Daily,Flat,SeedMix,2.30723414,1.258408381,0.2621337989,-0.78876,0.99
243,Winter26Amendment,155,Phase3,Hester,450,2,0.004444444444,Ambient,Ground,Watered Daily,Flat,SeedMix,2.30723414,1.258408381,0.2621337989,-0.78876,0.99
244,Winter26Amendment,156,Phase3,Hester,450,0,0,Ambient,Ground,Watered Daily,Flat,SeedMix,2.286538756,1.058077559,0.1596636648,-0.78876,0.99
245,Winter26Amendment,157,Phase3,Hester,450,0,0,Ambient,Ground,Watered Daily,Flat,SeedMix,2.286538756,1.058077559,0.1596636648,-0.78876,0.99
246,Winter26Amendment,158,Phase3,Hester,450,0,0,Ambient,Ground,Watered Daily,Flat,SeedMix,2.286538756,1.058077559,0.1596636648,-0.78876,0.99
247,Winter26Amendment,159,Phase3,Hester,450,0,0,Ambient,Ground,Watered Daily,Flat,SeedMix,2.286538756,1.058077559,0.1596636648,-0.78876,0.99
248,Winter26Amendment,160,Phase3,Hester,450,0,0,Ambient,Ground,Watered Daily,Flat,SeedMix,2.286538756,1.058077559,0.1596636648,-0.78876,0.99
249,Winter26Amendment,171,Phase1,Hester,450,0,0,Ambient,Ground,Watered Daily,Flat,SeedMix,1.805636101,1.35949274,0.3058298107,-0.81982,0.99
250,Winter26Amendment,172,Phase1,Hester,450,0,0,Ambient,Ground,Watered Daily,Flat,SeedMix,1.805636101,1.35949274,0.3058298107,-0.81982,0.99
251,Winter26Amendment,173,Phase1,Hester,450,0,0,Ambient,Ground,Watered Daily,Flat,SeedMix,1.805636101,1.35949274,0.3058298107,-0.81982,0.99
252,Winter26Amendment,174,Phase1,Hester,450,0,0,Ambient,Ground,Watered Daily,Flat,SeedMix,1.805636101,1.35949274,0.3058298107,-0.81982,0.99
253,Winter26Amendment,175,Phase1,Hester,450,0,0,Ambient,Ground,Watered Daily,Flat,SeedMix,1.805636101,1.35949274,0.3058298107,-0.81982,0.99
254,Winter26Amendment,176,Phase1,Hester,450,0,0,Ambient,Ground,Watered Daily,Flat,SeedMix,1.641540026,1.117625437,0.3207645653,-0.81982,0.99
255,Winter26Amendment,177,Phase1,Hester,450,0,0,Ambient,Ground,Watered Daily,Flat,SeedMix,1.641540026,1.117625437,0.3207645653,-0.81982,0.99
256,Winter26Amendment,178,Phase1,Hester,450,0,0,Ambient,Ground,Watered Daily,Flat,SeedMix,1.641540026,1.117625437,0.3207645653,-0.81982,0.99
257,Winter26Amendment,179,Phase1,Hester,450,0,0,Ambient,Ground,Watered Daily,Flat,SeedMix,1.641540026,1.117625437,0.3207645653,-0.81982,0.99
258,Winter26Amendment,180,Phase1,Hester,450,0,0,Ambient,Ground,Watered Daily,Flat,SeedMix,1.641540026,1.117625437,0.3207645653,-0.81982,0.99
259,Winter26Amendment,191,Phase2,Hester,450,0,0,Ambient,Ground,Watered Daily,Flat,SeedMix,2.595574629,1.601543834,0.2827182503,-0.68929,0.99
260,Winter26Amendment,192,Phase2,Hester,450,0,0,Ambient,Ground,Watered Daily,Flat,SeedMix,2.595574629,1.601543834,0.2827182503,-0.68929,0.99
261,Winter26Amendment,193,Phase2,Hester,450,0,0,Ambient,Ground,Watered Daily,Flat,SeedMix,2.595574629,1.601543834,0.2827182503,-0.68929,0.99
262,Winter26Amendment,194,Phase2,Hester,450,0,0,Ambient,Ground,Watered Daily,Flat,SeedMix,2.595574629,1.601543834,0.2827182503,-0.68929,0.99
263,Winter26Amendment,195,Phase2,Hester,450,0,0,Ambient,Ground,Watered Daily,Flat,SeedMix,2.595574629,1.601543834,0.2827182503,-0.68929,0.99
264,Winter26Amendment,196,Phase2,Hester,450,0,0,Ambient,Ground,Watered Daily,Flat,SeedMix,2.552068646,1.588310972,0.2917368131,-0.68929,0.99
265,Winter26Amendment,197,Phase2,Hester,450,0,0,Ambient,Ground,Watered Daily,Flat,SeedMix,2.552068646,1.588310972,0.2917368131,-0.68929,0.99
266,Winter26Amendment,198,Phase2,Hester,450,0,0,Ambient,Ground,Watered Daily,Flat,SeedMix,2.552068646,1.588310972,0.2917368131,-0.68929,0.99
267,Winter26Amendment,199,Phase2,Hester,450,0,0,Ambient,Ground,Watered Daily,Flat,SeedMix,2.552068646,1.588310972,0.2917368131,-0.68929,0.99
268,Winter26Amendment,200,Phase2,Hester,450,0,0,Ambient,Ground,Watered Daily,Flat,SeedMix,2.552068646,1.588310972,0.2917368131,-0.68929,0.99