ID,SeedSource,Rep,SiteSown,Date,SeedCount,Notes
1,Estrada,1,Estrada,03-12-2026,37,largely on the perimeter or sidewall of the seeding hole (possibly Frankenia or Jaumea)
2,Estrada,2,Estrada,03-12-2026,35,largely on the perimeter or sidewall of the seeding hole (possibly Frankenia or Jaumea)
3,Estrada,3,Estrada,03-12-2026,75,largely on the perimeter or sidewall of the seeding hole (possibly Frankenia or Jaumea)
4,Estrada,4,Estrada,03-12-2026,3,largely on the perimeter or sidewall of the seeding hole (possibly Frankenia or Jaumea)
5,Estrada,5,Estrada,03-12-2026,7,largely on the perimeter or sidewall of the seeding hole (possibly Frankenia or Jaumea)
6,Estrada,6,Estrada,03-12-2026,0,
7,Estrada,7,Estrada,03-12-2026,36,largely on the perimeter or sidewall of the seeding hole (possibly Frankenia or Jaumea)
8,Estrada,8,Estrada,03-12-2026,7,largely on the perimeter or sidewall of the seeding hole (possibly Frankenia or Jaumea)
9,Estrada,9,Estrada,03-12-2026,0,
10,Estrada,10,Estrada,03-12-2026,5,largely on the perimeter or sidewall of the seeding hole (possibly Frankenia or Jaumea)
11,Hester,1,Estrada,03-12-2026,1,
12,Hester,2,Estrada,03-12-2026,2,(possibly Frankenia or Jaumea)
13,Hester,3,Estrada,03-12-2026,0,
14,Hester,4,Estrada,03-12-2026,0,
15,Hester,5,Estrada,03-12-2026,1,
16,Hester,6,Estrada,03-12-2026,0,
17,Hester,7,Estrada,03-12-2026,0,
18,Hester,8,Estrada,03-12-2026,0,
19,Hester,9,Estrada,03-12-2026,0,
20,Hester,10,Estrada,03-12-2026,0,
21,SharkFlats,1,Estrada,03-12-2026,1,
22,SharkFlats,2,Estrada,03-12-2026,4,
23,SharkFlats,3,Estrada,03-12-2026,0,
24,SharkFlats,4,Estrada,03-12-2026,3,
25,SharkFlats,5,Estrada,03-12-2026,0,
26,SharkFlats,6,Estrada,03-12-2026,3,(possibly Frankenia or Jaumea)
27,SharkFlats,7,Estrada,03-12-2026,2,(possibly Frankenia or Jaumea)
28,SharkFlats,8,Estrada,03-12-2026,4,(possibly Frankenia or Jaumea)
29,SharkFlats,9,Estrada,03-12-2026,2,(possibly Frankenia or Jaumea)
30,SharkFlats,10,Estrada,03-12-2026,4,(possibly Frankenia or Jaumea)
31,Control,1,Estrada,03-12-2026,0,
32,Control,2,Estrada,03-12-2026,1,
33,Control,3,Estrada,03-12-2026,8,(possibly Frankenia or Jaumea)
34,Control,4,Estrada,03-12-2026,0,
35,Control,5,Estrada,03-12-2026,1,
36,Control,6,Estrada,03-12-2026,1,(possibly Frankenia or Jaumea)
37,Control,7,Estrada,03-12-2026,0,
38,Control,8,Estrada,03-12-2026,0,
39,Control,9,Estrada,03-12-2026,0,
40,Control,10,Estrada,03-12-2026,0,
41,Estrada,1,Hester,03-12-2026,1,
42,Estrada,2,Hester,03-12-2026,0,
43,Estrada,3,Hester,03-12-2026,1,
44,Estrada,4,Hester,03-12-2026,1,
45,Estrada,5,Hester,03-12-2026,3,
46,Estrada,6,Hester,03-12-2026,,Plot marker lost
47,Estrada,7,Hester,03-12-2026,1,
48,Estrada,8,Hester,03-12-2026,1,Frankenia seedlings coming up outside plots 41-50
49,Estrada,9,Hester,03-12-2026,2,
50,Estrada,10,Hester,03-12-2026,0,
51,Hester,1,Hester,03-12-2026,0,
52,Hester,2,Hester,03-12-2026,0,
53,Hester,3,Hester,03-12-2026,0,
54,Hester,4,Hester,03-12-2026,0,
55,Hester,5,Hester,03-12-2026,0,
56,Hester,6,Hester,03-12-2026,0,
57,Hester,7,Hester,03-12-2026,0,
58,Hester,8,Hester,03-12-2026,0,
59,Hester,9,Hester,03-12-2026,0,
60,Hester,10,Hester,03-12-2026,0,
61,SharkFlats,1,Hester,03-12-2026,0,
62,SharkFlats,2,Hester,03-12-2026,0,
63,SharkFlats,3,Hester,03-12-2026,0,
64,SharkFlats,4,Hester,03-12-2026,0,
65,SharkFlats,5,Hester,03-12-2026,0,
66,SharkFlats,6,Hester,03-12-2026,0,
67,SharkFlats,7,Hester,03-12-2026,0,
68,SharkFlats,8,Hester,03-12-2026,0,
69,SharkFlats,9,Hester,03-12-2026,0,
70,SharkFlats,10,Hester,03-12-2026,0,
71,Control,1,Hester,03-12-2026,0,
72,Control,2,Hester,03-12-2026,0,
73,Control,3,Hester,03-12-2026,0,
74,Control,4,Hester,03-12-2026,0,
75,Control,5,Hester,03-12-2026,0,
76,Control,6,Hester,03-12-2026,0,
77,Control,7,Hester,03-12-2026,0,
78,Control,8,Hester,03-12-2026,0,
79,Control,9,Hester,03-12-2026,0,
80,Control,10,Hester,03-12-2026,0,
81,Estrada,1,SharkFlats,03-12-2026,0,
82,Estrada,2,SharkFlats,03-12-2026,0,
83,Estrada,3,SharkFlats,03-12-2026,0,
84,Estrada,4,SharkFlats,03-12-2026,0,
85,Estrada,5,SharkFlats,03-12-2026,0,
86,Estrada,6,SharkFlats,03-12-2026,0,
87,Estrada,7,SharkFlats,03-12-2026,0,
88,Estrada,8,SharkFlats,03-12-2026,0,
89,Estrada,9,SharkFlats,03-12-2026,0,
90,Estrada,10,SharkFlats,03-12-2026,0,
91,Hester,1,SharkFlats,03-12-2026,2,
92,Hester,2,SharkFlats,03-12-2026,0,
93,Hester,3,SharkFlats,03-12-2026,0,
94,Hester,4,SharkFlats,03-12-2026,0,
95,Hester,5,SharkFlats,03-12-2026,0,
96,Hester,6,SharkFlats,03-12-2026,0,
97,Hester,7,SharkFlats,03-12-2026,0,
98,Hester,8,SharkFlats,03-12-2026,0,
99,Hester,9,SharkFlats,03-12-2026,0,
100,Hester,10,SharkFlats,03-12-2026,0,
101,SharkFlats,1,SharkFlats,03-12-2026,18,largely on the perimeter or sidewall of the seeding hole (possibly Frankenia or Jaumea)
102,SharkFlats,2,SharkFlats,03-12-2026,5,(possibly Jaumea or Frankenia)
103,SharkFlats,3,SharkFlats,03-12-2026,17,(possibly Jaumea or Frankenia)
104,SharkFlats,4,SharkFlats,03-12-2026,9,(possibly Jaumea or Frankenia)
105,SharkFlats,5,SharkFlats,03-12-2026,6,largely on the perimeter or sidewall of the seeding hole (possibly Frankenia or Jaumea)
106,SharkFlats,6,SharkFlats,03-12-2026,2,largely on the perimeter or sidewall of the seeding hole (possibly Frankenia or Jaumea)
107,SharkFlats,7,SharkFlats,03-12-2026,8,largely on the perimeter or sidewall of the seeding hole (possibly Frankenia or Jaumea)
108,SharkFlats,8,SharkFlats,03-12-2026,2,(possibly Jaumea or Frankenia)
109,SharkFlats,9,SharkFlats,03-12-2026,0,
110,SharkFlats,10,SharkFlats,03-12-2026,0,
111,Control,1,SharkFlats,03-12-2026,0,
112,Control,2,SharkFlats,03-12-2026,0,
113,Control,3,SharkFlats,03-12-2026,0,
114,Control,4,SharkFlats,03-12-2026,4,Multiple sp. likely a grass (D. Spicata???) and maybe F. salina or J. cornosa
115,Control,5,SharkFlats,03-12-2026,0,
116,Control,6,SharkFlats,03-12-2026,5,(possibly Jaumea or Frankenia)
117,Control,7,SharkFlats,03-12-2026,0,
118,Control,8,SharkFlats,03-12-2026,0,
119,Control,9,SharkFlats,03-12-2026,3,Atriplex sp. ??
120,Control,10,SharkFlats,03-12-2026,,