IDTag,Soil,Salinity ,Moisture,Seeds,D5,D7,D9,D12,D14,D16,D19,D21,D23
1,PottingSoil,Saltwater,Low,146,3,5,19,23,21,24,25,22,23
2,PottingSoil,Saltwater,Low,146,8,12,27,36,39,36,36,36,40
3,PottingSoil,Saltwater,Low,146,8,15,20,35,35,30,39,40,40
4,PottingSoil,Saltwater,Low,146,9,11,12,25,25,31,31,27,27
5,PottingSoil,Saltwater,Low,146,6,27,25,38,44,37,42,44,44
6,PottingSoil,Saltwater,Low,146,7,27,35,41,45,45,46,56,56
7,PottingSoil,Saltwater,Medium,146,10,23,27,28,34,37,38,40,38
8,PottingSoil,Saltwater,Medium,146,10,16,25,30,30,25,34,36,37
9,PottingSoil,Saltwater,Medium,146,9,13,22,31,35,33,36,48,48
10,PottingSoil,Saltwater,Medium,146,4,13,13,22,28,30,28,33,33
11,PottingSoil,Saltwater,Medium,146,5,9,11,18,25,25,28,28,28
12,PottingSoil,Saltwater,Medium,146,6,7,15,19,23,27,27,30,30
13,PottingSoil,Saltwater,High,146,13,19,24,35,35,30,31,31,30
14,PottingSoil,Saltwater,High,146,8,17,20,33,33,40,41,41,42
15,PottingSoil,Saltwater,High,146,4,18,19,26,26,36,36,32,42
16,PottingSoil,Saltwater,High,146,11,16,26,30,27,32,32,31,31
17,PottingSoil,Saltwater,High,146,8,13,25,25,28,34,28,29,29
18,PottingSoil,Saltwater,High,146,11,23,25,30,29,31,33,36,36
19,PottingSoil,Freshwater,Low,146,5,6,7,20,14,17,22,19,19
20,PottingSoil,Freshwater,Low,146,2,16,25,27,34,34,36,36,36
21,PottingSoil,Freshwater,Low,146,2,8,12,13,18,16,14,18,18
22,PottingSoil,Freshwater,Low,146,3,21,24,33,33,33,35,39,39
23,PottingSoil,Freshwater,Low,146,3,5,11,15,16,14,20,17,17
24,PottingSoil,Freshwater,Low,146,2,5,10,12,17,21,21,18,18
25,PottingSoil,Freshwater,Medium,146,5,3,3,3,8,2,3,8,7
26,PottingSoil,Freshwater,Medium,146,2,12,12,27,27,19,32,35,33
27,PottingSoil,Freshwater,Medium,146,0,1,5,5,11,10,13,11,12
28,PottingSoil,Freshwater,Medium,146,2,2,11,11,14,21,23,20,20
29,PottingSoil,Freshwater,Medium,146,11,20,31,38,40,33,39,39,38
30,PottingSoil,Freshwater,Medium,146,5,5,16,22,27,24,24,24,24
31,PottingSoil,Freshwater,High,146,5,5,4,4,5,5,7,8,7
32,PottingSoil,Freshwater,High,146,3,10,18,19,20,20,24,25,23
33,PottingSoil,Freshwater,High,146,5,9,17,25,27,32,30,33,30
34,PottingSoil,Freshwater,High,146,5,8,11,22,28,31,27,27,27
35,PottingSoil,Freshwater,High,146,0,2,11,5,6,5,8,10,9
36,PottingSoil,Freshwater,High,146,3,6,11,7,7,7,7,7,7
37,PottingSoil,Saltwater,Low,146,7,25,25,25,28,29,30,30,30
38,PottingSoil,Saltwater,Low,146,16,32,32,32,34,35,37,41,41
39,PottingSoil,Saltwater,Low,146,8,10,18,20,24,23,25,28,28
40,PottingSoil,Saltwater,Low,146,5,11,14,21,21,20,20,21,20
41,PottingSoil,Saltwater,Low,146,14,19,34,38,39,46,48,52,50
42,PottingSoil,Saltwater,Low,146,8,11,23,25,28,31,29,30,32
43,PottingSoil,Saltwater,Medium,146,14,28,16,33,41,39,41,44,42
44,PottingSoil,Saltwater,Medium,146,10,21,22,30,30,30,30,32,30
45,PottingSoil,Saltwater,Medium,146,7,12,17,24,30,32,26,22,22
46,PottingSoil,Saltwater,Medium,146,10,11,20,25,30,31,36,36,38
47,PottingSoil,Saltwater,Medium,146,17,23,40,40,42,44,47,50,50
48,PottingSoil,Saltwater,Medium,146,6,19,29,29,35,45,45,48,48
49,PottingSoil,Saltwater,High,146,14,21,26,30,30,26,42,50,50
50,PottingSoil,Saltwater,High,146,7,20,27,27,22,22,22,26,27
51,PottingSoil,Saltwater,High,146,5,8,13,17,15,17,17,17,18
52,PottingSoil,Saltwater,High,146,11,35,39,39,39,31,38,38,37
53,PottingSoil,Saltwater,High,146,5,5,16,20,22,21,19,26,25
54,PottingSoil,Saltwater,High,146,3,4,11,15,15,13,15,12,12
55,PottingSoil,Freshwater,Low,146,5,6,3,14,20,17,17,19,19
56,PottingSoil,Freshwater,Low,146,2,7,9,7,15,15,17,23,23
57,PottingSoil,Freshwater,Low,146,3,6,16,18,19,21,17,17,17
58,PottingSoil,Freshwater,Low,146,6,9,14,21,25,19,22,24,23
59,PottingSoil,Freshwater,Low,146,3,13,27,27,34,39,39,45,44
60,PottingSoil,Freshwater,Low,146,4,16,18,25,25,19,25,29,28
61,PottingSoil,Freshwater,Medium,146,3,9,11,21,21,25,25,29,29
62,PottingSoil,Freshwater,Medium,146,3,6,8,11,11,12,16,17,18
63,PottingSoil,Freshwater,Medium,146,2,7,8,11,13,16,22,22,22
64,PottingSoil,Freshwater,Medium,146,4,9,9,9,13,13,13,15,15
65,PottingSoil,Freshwater,Medium,146,9,18,23,25,28,29,36,45,44
66,PottingSoil,Freshwater,Medium,146,1,6,12,12,12,14,17,17,18
67,PottingSoil,Freshwater,High,146,2,8,6,6,8,5,7,10,11
68,PottingSoil,Freshwater,High,146,12,13,21,29,29,32,35,37,37
69,PottingSoil,Freshwater,High,146,2,5,4,5,11,16,17,18,16
70,PottingSoil,Freshwater,High,146,2,7,5,20,20,20,24,24,22
71,PottingSoil,Freshwater,High,146,3,4,13,14,16,10,20,25,25
72,PottingSoil,Freshwater,High,146,5,4,10,10,10,2,12,13,13
73,HesterMimic,Saltwater,Low,146,0,3,18,18,18,23,29,29,31
74,HesterMimic,Saltwater,Low,146,2,5,12,7,7,7,14,14,14
75,HesterMimic,Saltwater,Low,146,0,0,2,0,0,0,0,0,0
76,HesterMimic,Saltwater,Low,146,0,1,4,2,0,2,2,4,4
77,HesterMimic,Saltwater,Low,146,8,6,16,3,0,0,0,3,0
78,HesterMimic,Saltwater,Low,146,4,2,2,0,0,0,0,0,0
79,HesterMimic,Saltwater,Medium,146,2,9,14,3,4,6,4,4,2
80,HesterMimic,Saltwater,Medium,146,0,4,5,11,15,16,17,18,21
81,HesterMimic,Saltwater,Medium,146,1,6,4,9,11,9,15,16,19
82,HesterMimic,Saltwater,Medium,146,2,4,9,4,3,3,5,4,3
83,HesterMimic,Saltwater,Medium,146,2,4,4,5,5,4,4,3,2
84,HesterMimic,Saltwater,Medium,146,2,9,23,23,28,32,32,31,31
85,HesterMimic,Saltwater,High,146,8,11,13,28,24,28,33,40,40
86,HesterMimic,Saltwater,High,146,0,3,6,13,13,18,25,21,21
87,HesterMimic,Saltwater,High,146,0,2,1,4,6,7,8,8,7
88,HesterMimic,Saltwater,High,146,0,2,2,16,20,27,35,35,34
89,HesterMimic,Saltwater,High,146,0,0,1,7,7,8,10,11,11
90,HesterMimic,Saltwater,High,146,0,2,4,6,6,7,9,10,10
91,HesterMimic,Freshwater,Low,146,2,2,3,6,7,7,10,12,12
92,HesterMimic,Freshwater,Low,146,0,12,13,13,25,25,34,34,34
93,HesterMimic,Freshwater,Low,146,8,8,14,15,18,20,24,24,24
94,HesterMimic,Freshwater,Low,146,0,1,3,3,3,1,3,5,3
95,HesterMimic,Freshwater,Low,146,3,10,12,0,0,1,0,0,0
96,HesterMimic,Freshwater,Low,146,2,4,4,4,0,1,0,0,0
97,HesterMimic,Freshwater,Medium,146,2,5,5,13,9,17,20,18,20
98,HesterMimic,Freshwater,Medium,146,4,6,10,13,13,20,21,26,27
99,HesterMimic,Freshwater,Medium,146,0,3,0,5,9,16,20,18,18
100,HesterMimic,Freshwater,Medium,146,2,5,8,9,9,16,16,17,17
101,HesterMimic,Freshwater,Medium,146,2,3,4,12,13,10,18,17,17
102,HesterMimic,Freshwater,Medium,146,1,3,8,13,13,16,18,18,20
103,HesterMimic,Freshwater,High,146,0,1,2,3,3,3,6,4,7
104,HesterMimic,Freshwater,High,146,3,3,5,5,5,8,5,6,6
105,HesterMimic,Freshwater,High,146,3,4,8,17,23,25,29,30,30
106,HesterMimic,Freshwater,High,146,1,3,2,9,10,10,13,9,11
107,HesterMimic,Freshwater,High,146,4,8,15,7,7,9,9,9,7
108,HesterMimic,Freshwater,High,146,1,2,5,6,6,8,11,11,11
109,HesterMimic,Saltwater,Low,146,0,0,6,7,7,6,10,10,11
110,HesterMimic,Saltwater,Low,146,2,5,10,10,11,13,13,19,17
111,HesterMimic,Saltwater,Low,146,0,1,4,1,0,0,4,6,6
112,HesterMimic,Saltwater,Low,146,1,2,4,1,2,1,1,2,3
113,HesterMimic,Saltwater,Low,146,0,0,0,0,0,0,0,0,0
114,HesterMimic,Saltwater,Low,146,0,0,0,0,0,0,0,2,0
115,HesterMimic,Saltwater,Medium,146,3,4,7,1,1,2,2,0,0
116,HesterMimic,Saltwater,Medium,146,5,5,8,12,15,18,23,28,30
117,HesterMimic,Saltwater,Medium,146,2,7,3,13,13,12,18,18,18
118,HesterMimic,Saltwater,Medium,146,5,8,9,5,4,2,3,3,2
119,HesterMimic,Saltwater,Medium,146,3,8,6,3,3,3,4,3,2
120,HesterMimic,Saltwater,Medium,146,0,1,1,2,4,5,8,8,7
121,HesterMimic,Saltwater,High,146,0,0,4,3,4,4,9,9,11
122,HesterMimic,Saltwater,High,146,3,2,1,5,5,11,14,14,15
123,HesterMimic,Saltwater,High,146,1,3,12,29,22,24,37,35,35
124,HesterMimic,Saltwater,High,146,2,0,4,15,23,28,33,28,28
125,HesterMimic,Saltwater,High,146,0,0,3,14,8,6,16,11,15
126,HesterMimic,Saltwater,High,146,2,2,6,20,12,32,38,38,42
127,HesterMimic,Freshwater,Low,146,2,4,11,11,12,14,19,20,20
128,HesterMimic,Freshwater,Low,146,2,8,8,8,13,12,17,14,14
129,HesterMimic,Freshwater,Low,146,2,5,16,21,23,24,30,31,36
130,HesterMimic,Freshwater,Low,146,3,7,18,10,13,16,19,18,18
131,HesterMimic,Freshwater,Low,146,0,4,5,1,1,1,2,1,1
132,HesterMimic,Freshwater,Low,146,0,9,14,3,3,4,2,2,2
133,HesterMimic,Freshwater,Medium,146,0,3,1,3,4,4,8,15,13
134,HesterMimic,Freshwater,Medium,146,2,7,8,15,23,27,27,27,29
135,HesterMimic,Freshwater,Medium,146,5,12,1,20,29,24,34,34,36
136,HesterMimic,Freshwater,Medium,146,1,5,5,11,16,15,21,22,20
137,HesterMimic,Freshwater,Medium,146,2,12,6,16,16,22,22,22,22
138,HesterMimic,Freshwater,Medium,146,2,7,5,7,16,19,20,22,20
139,HesterMimic,Freshwater,High,146,0,5,1,10,10,12,22,17,18
140,HesterMimic,Freshwater,High,146,1,2,2,5,5,7,7,7,7
141,HesterMimic,Freshwater,High,146,1,1,1,9,10,11,11,11,11
142,HesterMimic,Freshwater,High,146,1,1,1,3,3,11,11,13,13
143,HesterMimic,Freshwater,High,146,1,0,2,2,3,4,5,4,4
144,HesterMimic,Freshwater,High,146,2,1,5,7,14,32,34,34,30
