IDTag,TidalCat,SiteID,Source,SiteType,Succulence,Transect ,Elevation,Seeds,Total,Rate
1,Restored,Restored,HesterP2,Restoration,Brown,12.1,2.281,0,50,0
2,Restored,Restored,HesterP2,Restoration,Brown,12.1,2.281,0,50,0
3,Restored,Restored,HesterP2,Restoration,Brown,12.1,2.281,2,50,0.04
4,Restored,Restored,HesterP2,Restoration,Brown,12.1,2.281,1,50,0.02
5,Restored,Restored,HesterP2,Restoration,Brown,12.1,2.281,4,50,0.08
6,Restored,Restored,HesterP2,Restoration,Brown,12.1,2.281,10,50,0.2
7,Restored,Restored,HesterP2,Restoration,Brown,12.1,2.281,0,50,0
8,Restored,Restored,HesterP2,Restoration,Brown,12.1,2.281,5,50,0.1
9,Restored,Restored,HesterP2,Restoration,Brown,12.1,2.281,0,50,0
10,Restored,Restored,HesterP2,Restoration,Brown,12.1,2.281,1,50,0.02
11,Restored,Restored,HesterP2,Restoration,Brown,12.6,2.091,0,50,0
12,Restored,Restored,HesterP2,Restoration,Brown,12.6,2.091,11,50,0.22
13,Restored,Restored,HesterP2,Restoration,Brown,12.6,2.091,0,50,0
14,Restored,Restored,HesterP2,Restoration,Brown,12.6,2.091,15,50,0.3
15,Restored,Restored,HesterP2,Restoration,Brown,12.6,2.091,19,50,0.38
16,Restored,Restored,HesterP2,Restoration,Brown,12.6,2.091,2,50,0.04
17,Restored,Restored,HesterP2,Restoration,Brown,12.6,2.091,8,50,0.16
18,Restored,Restored,HesterP2,Restoration,Brown,12.6,2.091,13,50,0.26
19,Restored,Restored,HesterP2,Restoration,Brown,12.6,2.091,19,50,0.38
20,Restored,Restored,HesterP2,Restoration,Brown,12.6,2.091,4,50,0.08
21,Restored,Restored,HesterP2,Restoration,Brown,12.1,2.061,15,50,0.3
22,Restored,Restored,HesterP2,Restoration,Brown,12.1,2.061,22,50,0.44
23,Restored,Restored,HesterP2,Restoration,Brown,12.1,2.061,3,50,0.06
24,Restored,Restored,HesterP2,Restoration,Brown,12.1,2.061,31,50,0.62
25,Restored,Restored,HesterP2,Restoration,Brown,12.1,2.061,20,50,0.4
26,Restored,Restored,HesterP2,Restoration,Brown,12.1,2.061,6,50,0.12
27,Restored,Restored,HesterP2,Restoration,Brown,12.1,2.061,29,50,0.58
28,Restored,Restored,HesterP2,Restoration,Brown,12.1,2.061,10,50,0.2
29,Restored,Restored,HesterP2,Restoration,Brown,12.1,2.061,21,50,0.42
30,Restored,Restored,HesterP2,Restoration,Brown,12.1,2.061,9,50,0.18
31,Restored,Restored,HesterP2,Restoration,Brown,11.2,2.281,7,50,0.14
32,Restored,Restored,HesterP2,Restoration,Brown,11.2,2.281,4,50,0.08
33,Restored,Restored,HesterP2,Restoration,Brown,11.2,2.281,2,50,0.04
34,Restored,Restored,HesterP2,Restoration,Brown,11.2,2.281,6,50,0.12
35,Restored,Restored,HesterP2,Restoration,Brown,11.2,2.281,6,50,0.12
36,Restored,Restored,HesterP2,Restoration,Brown,11.2,2.281,7,50,0.14
37,Restored,Restored,HesterP2,Restoration,Brown,11.2,2.281,1,50,0.02
38,Restored,Restored,HesterP2,Restoration,Brown,11.2,2.281,12,50,0.24
39,Restored,Restored,HesterP2,Restoration,Brown,11.2,2.281,1,50,0.02
40,Restored,Restored,HesterP2,Restoration,Brown,11.2,2.281,0,50,0
41,Restored,Restored,HesterP2,Restoration,Brown,11.6,1.99,0,50,0
42,Restored,Restored,HesterP2,Restoration,Brown,11.6,1.99,3,50,0.06
43,Restored,Restored,HesterP2,Restoration,Brown,11.6,1.99,9,50,0.18
44,Restored,Restored,HesterP2,Restoration,Brown,11.6,1.99,9,50,0.18
45,Restored,Restored,HesterP2,Restoration,Brown,11.6,1.99,1,50,0.02
46,Restored,Restored,HesterP2,Restoration,Brown,11.6,1.99,3,50,0.06
47,Restored,Restored,HesterP2,Restoration,Brown,11.6,1.99,20,50,0.4
48,Restored,Restored,HesterP2,Restoration,Brown,11.6,1.99,24,50,0.48
49,Restored,Restored,HesterP2,Restoration,Brown,11.6,1.99,21,50,0.42
50,Restored,Restored,HesterP2,Restoration,Brown,11.6,1.99,25,50,0.5
51,Restored,Restored,HesterP2,Restoration,Brown,11.1,1.937,9,50,0.18
52,Restored,Restored,HesterP2,Restoration,Brown,11.1,1.937,23,50,0.46
53,Restored,Restored,HesterP2,Restoration,Brown,11.1,1.937,9,50,0.18
54,Restored,Restored,HesterP2,Restoration,Brown,11.1,1.937,2,50,0.04
55,Restored,Restored,HesterP2,Restoration,Brown,11.1,1.937,11,50,0.22
56,Restored,Restored,HesterP2,Restoration,Brown,11.1,1.937,29,50,0.58
57,Restored,Restored,HesterP2,Restoration,Brown,11.1,1.937,7,50,0.14
58,Restored,Restored,HesterP2,Restoration,Brown,11.1,1.937,11,50,0.22
59,Restored,Restored,HesterP2,Restoration,Brown,11.1,1.937,8,50,0.16
60,Restored,Restored,HesterP2,Restoration,Brown,11.1,1.937,8,50,0.16
61,Restored,Restored,HesterP1,Restoration,Brown,5.2,2.144,0,50,0
62,Restored,Restored,HesterP1,Restoration,Brown,5.2,2.144,6,50,0.12
63,Restored,Restored,HesterP1,Restoration,Brown,5.2,2.144,2,50,0.04
64,Restored,Restored,HesterP1,Restoration,Brown,5.2,2.144,5,50,0.1
65,Restored,Restored,HesterP1,Restoration,Brown,5.2,2.144,14,50,0.28
66,Restored,Restored,HesterP1,Restoration,Brown,5.2,2.144,20,50,0.4
67,Restored,Restored,HesterP1,Restoration,Brown,5.2,2.144,7,50,0.14
68,Restored,Restored,HesterP1,Restoration,Brown,5.2,2.144,0,50,0
69,Restored,Restored,HesterP1,Restoration,Brown,5.2,2.144,5,50,0.1
70,Restored,Restored,HesterP1,Restoration,Brown,5.2,2.144,8,50,0.16
71,Restored,Restored,HesterP1,Restoration,Brown,5.4,2.019,3,50,0.06
72,Restored,Restored,HesterP1,Restoration,Brown,5.4,2.019,8,50,0.16
73,Restored,Restored,HesterP1,Restoration,Brown,5.4,2.019,28,50,0.56
74,Restored,Restored,HesterP1,Restoration,Brown,5.4,2.019,19,50,0.38
75,Restored,Restored,HesterP1,Restoration,Brown,5.4,2.019,3,50,0.06
76,Restored,Restored,HesterP1,Restoration,Brown,5.4,2.019,3,50,0.06
77,Restored,Restored,HesterP1,Restoration,Brown,5.4,2.019,16,50,0.32
78,Restored,Restored,HesterP1,Restoration,Brown,5.4,2.019,1,50,0.02
79,Restored,Restored,HesterP1,Restoration,Brown,5.4,2.019,7,50,0.14
80,Restored,Restored,HesterP1,Restoration,Brown,5.4,2.019,4,50,0.08
81,Restored,Restored,HesterP1,Restoration,Brown,5.6,1.846,4,50,0.08
82,Restored,Restored,HesterP1,Restoration,Brown,5.6,1.846,17,50,0.34
83,Restored,Restored,HesterP1,Restoration,Brown,5.6,1.846,36,50,0.72
84,Restored,Restored,HesterP1,Restoration,Brown,5.6,1.846,5,50,0.1
85,Restored,Restored,HesterP1,Restoration,Brown,5.6,1.846,2,50,0.04
86,Restored,Restored,HesterP1,Restoration,Brown,5.6,1.846,5,50,0.1
87,Restored,Restored,HesterP1,Restoration,Brown,5.6,1.846,25,50,0.5
88,Restored,Restored,HesterP1,Restoration,Brown,5.6,1.846,19,50,0.38
89,Restored,Restored,HesterP1,Restoration,Brown,5.6,1.846,5,50,0.1
90,Restored,Restored,HesterP1,Restoration,Brown,5.6,1.846,10,50,0.2
91,Restored,Restored,HesterP1,Restoration,Brown,2.2,2.264,13,50,0.26
92,Restored,Restored,HesterP1,Restoration,Brown,2.2,2.264,1,50,0.02
93,Restored,Restored,HesterP1,Restoration,Brown,2.2,2.264,10,50,0.2
94,Restored,Restored,HesterP1,Restoration,Brown,2.2,2.264,7,50,0.14
95,Restored,Restored,HesterP1,Restoration,Brown,2.2,2.264,1,50,0.02
96,Restored,Restored,HesterP1,Restoration,Brown,2.2,2.264,10,50,0.2
97,Restored,Restored,HesterP1,Restoration,Brown,2.2,2.264,7,50,0.14
98,Restored,Restored,HesterP1,Restoration,Brown,2.2,2.264,3,50,0.06
99,Restored,Restored,HesterP1,Restoration,Brown,2.2,2.264,24,50,0.48
100,Restored,Restored,HesterP1,Restoration,Brown,2.2,2.264,4,50,0.08
101,Restored,Restored,HesterP1,Restoration,Brown,2.3,1.997,3,50,0.06
102,Restored,Restored,HesterP1,Restoration,Brown,2.3,1.997,5,50,0.1
103,Restored,Restored,HesterP1,Restoration,Brown,2.3,1.997,29,50,0.58
104,Restored,Restored,HesterP1,Restoration,Brown,2.3,1.997,2,50,0.04
105,Restored,Restored,HesterP1,Restoration,Brown,2.3,1.997,19,50,0.38
106,Restored,Restored,HesterP1,Restoration,Brown,2.3,1.997,4,50,0.08
107,Restored,Restored,HesterP1,Restoration,Brown,2.3,1.997,5,50,0.1
108,Restored,Restored,HesterP1,Restoration,Brown,2.3,1.997,10,50,0.2
109,Restored,Restored,HesterP1,Restoration,Brown,2.3,1.997,31,50,0.62
110,Restored,Restored,HesterP1,Restoration,Brown,2.3,1.997,13,50,0.26
111,Restored,Restored,HesterP1,Restoration,Brown,2.1,1.824,8,50,0.16
112,Restored,Restored,HesterP1,Restoration,Brown,2.1,1.824,14,50,0.28
113,Restored,Restored,HesterP1,Restoration,Brown,2.1,1.824,8,50,0.16
114,Restored,Restored,HesterP1,Restoration,Brown,2.1,1.824,7,50,0.14
115,Restored,Restored,HesterP1,Restoration,Brown,2.1,1.824,8,50,0.16
116,Restored,Restored,HesterP1,Restoration,Brown,2.1,1.824,17,50,0.34
117,Restored,Restored,HesterP1,Restoration,Brown,2.1,1.824,1,50,0.02
118,Restored,Restored,HesterP1,Restoration,Brown,2.1,1.824,12,50,0.24
119,Restored,Restored,HesterP1,Restoration,Brown,2.1,1.824,16,50,0.32
120,Restored,Restored,HesterP1,Restoration,Brown,2.1,1.824,8,50,0.16
121,Restored,Restored,HesterP1,Restoration,Brown,4.1,1.637,4,50,0.08
122,Restored,Restored,HesterP1,Restoration,Brown,4.1,1.637,2,50,0.04
123,Restored,Restored,HesterP1,Restoration,Brown,4.1,1.637,6,50,0.12
124,Restored,Restored,HesterP1,Restoration,Brown,4.1,1.637,8,50,0.16
125,Restored,Restored,HesterP1,Restoration,Brown,4.1,1.637,9,50,0.18
126,Restored,Restored,HesterP1,Restoration,Brown,4.1,1.637,1,50,0.02
127,Restored,Restored,HesterP1,Restoration,Brown,4.1,1.637,4,50,0.08
128,Restored,Restored,HesterP1,Restoration,Brown,4.1,1.637,2,50,0.04
129,Restored,Restored,HesterP1,Restoration,Brown,4.1,1.637,2,50,0.04
130,Restored,Restored,HesterP1,Restoration,Brown,4.1,1.637,13,50,0.26
131,Natural,Natural 2,Yampah,Natural,Brown,1,2.207,1,50,0.02
132,Natural,Natural 2,Yampah,Natural,Brown,1,2.207,2,50,0.04
133,Natural,Natural 2,Yampah,Natural,Brown,1,2.207,4,50,0.08
134,Natural,Natural 2,Yampah,Natural,Brown,1,2.207,3,50,0.06
135,Natural,Natural 2,Yampah,Natural,Brown,1,2.207,0,50,0
136,Natural,Natural 2,Yampah,Natural,Brown,1,2.207,7,50,0.14
137,Natural,Natural 2,Yampah,Natural,Brown,1,2.207,3,50,0.06
138,Natural,Natural 2,Yampah,Natural,Brown,1,2.207,11,50,0.22
139,Natural,Natural 2,Yampah,Natural,Brown,1,2.207,11,50,0.22
140,Natural,Natural 2,Yampah,Natural,Brown,1,2.207,5,50,0.1
141,Natural,Natural 2,Yampah,Natural,Brown,2,1.568,0,50,0
142,Natural,Natural 2,Yampah,Natural,Brown,2,1.568,11,50,0.22
143,Natural,Natural 2,Yampah,Natural,Brown,2,1.568,0,50,0
144,Natural,Natural 2,Yampah,Natural,Brown,2,1.568,17,50,0.34
145,Natural,Natural 2,Yampah,Natural,Brown,2,1.568,2,50,0.04
146,Natural,Natural 2,Yampah,Natural,Brown,2,1.568,0,50,0
147,Natural,Natural 2,Yampah,Natural,Brown,2,1.568,0,50,0
148,Natural,Natural 2,Yampah,Natural,Brown,2,1.568,1,50,0.02
149,Natural,Natural 2,Yampah,Natural,Brown,2,1.568,4,50,0.08
150,Natural,Natural 2,Yampah,Natural,Brown,2,1.568,0,50,0
151,Natural,Natural 2,Yampah,Natural,Brown,3,1.545,3,50,0.06
152,Natural,Natural 2,Yampah,Natural,Brown,3,1.545,1,50,0.02
153,Natural,Natural 2,Yampah,Natural,Brown,3,1.545,4,50,0.08
154,Natural,Natural 2,Yampah,Natural,Brown,3,1.545,0,50,0
155,Natural,Natural 2,Yampah,Natural,Brown,3,1.545,1,50,0.02
156,Natural,Natural 2,Yampah,Natural,Brown,3,1.545,2,50,0.04
157,Natural,Natural 2,Yampah,Natural,Brown,3,1.545,2,50,0.04
158,Natural,Natural 2,Yampah,Natural,Brown,3,1.545,0,50,0
159,Natural,Natural 2,Yampah,Natural,Brown,3,1.545,1,50,0.02
160,Natural,Natural 2,Yampah,Natural,Brown,3,1.545,0,50,0
161,Natural,Natural 6,Azevedo ,Natural,Succulent,1,2.322,4,50,0.08
162,Natural,Natural 6,Azevedo ,Natural,Succulent,1,2.322,0,50,0
163,Natural,Natural 6,Azevedo ,Natural,Succulent,1,2.322,20,50,0.4
164,Natural,Natural 6,Azevedo ,Natural,Succulent,1,2.322,5,50,0.1
165,Natural,Natural 6,Azevedo ,Natural,Succulent,1,2.322,0,50,0
166,Natural,Natural 6,Azevedo ,Natural,Brown,1,2.322,0,50,0
167,Natural,Natural 6,Azevedo ,Natural,Brown,1,2.322,0,50,0
168,Natural,Natural 6,Azevedo ,Natural,Brown,1,2.322,3,50,0.06
169,Natural,Natural 6,Azevedo ,Natural,Brown,1,2.322,16,50,0.32
170,Natural,Natural 6,Azevedo ,Natural,Brown,1,2.322,0,50,0
171,Natural,Natural 6,Azevedo ,Natural,Succulent,2,1.668,9,50,0.18
172,Natural,Natural 6,Azevedo ,Natural,Succulent,2,1.668,6,50,0.12
173,Natural,Natural 6,Azevedo ,Natural,Succulent,2,1.668,5,50,0.1
174,Natural,Natural 6,Azevedo ,Natural,Succulent,2,1.668,0,50,0
175,Natural,Natural 6,Azevedo ,Natural,Succulent,2,1.668,7,50,0.14
176,Natural,Natural 6,Azevedo ,Natural,Brown,2,1.668,7,50,0.14
177,Natural,Natural 6,Azevedo ,Natural,Brown,2,1.668,4,50,0.08
178,Natural,Natural 6,Azevedo ,Natural,Brown,2,1.668,0,50,0
179,Natural,Natural 6,Azevedo ,Natural,Brown,2,1.668,0,50,0
180,Natural,Natural 6,Azevedo ,Natural,Brown,2,1.668,0,50,0
181,Natural,Natural 6,Azevedo ,Natural,Succulent,3,1.634,1,50,0.02
182,Natural,Natural 6,Azevedo ,Natural,Succulent,3,1.634,3,50,0.06
183,Natural,Natural 6,Azevedo ,Natural,Succulent,3,1.634,0,50,0
184,Natural,Natural 6,Azevedo ,Natural,Succulent,3,1.634,1,50,0.02
185,Natural,Natural 6,Azevedo ,Natural,Succulent,3,1.634,1,50,0.02
186,Natural,Natural 6,Azevedo ,Natural,Brown,3,1.634,2,50,0.04
187,Natural,Natural 6,Azevedo ,Natural,Brown,3,1.634,0,50,0
188,Natural,Natural 6,Azevedo ,Natural,Brown,3,1.634,1,50,0.02
189,Natural,Natural 6,Azevedo ,Natural,Brown,3,1.634,1,50,0.02
190,Natural,Natural 6,Azevedo ,Natural,Brown,3,1.634,0,50,0
191,Natural,Natural 1,Hudson,Natural,Succulent,1,2.216,2,50,0.04
192,Natural,Natural 1,Hudson,Natural,Succulent,1,2.216,1,50,0.02
193,Natural,Natural 1,Hudson,Natural,Succulent,1,2.216,4,50,0.08
194,Natural,Natural 1,Hudson,Natural,Succulent,1,2.216,3,50,0.06
195,Natural,Natural 1,Hudson,Natural,Succulent,1,2.216,1,50,0.02
196,Natural,Natural 1,Hudson,Natural,Brown,1,2.216,3,50,0.06
197,Natural,Natural 1,Hudson,Natural,Brown,1,2.216,4,50,0.08
198,Natural,Natural 1,Hudson,Natural,Brown,1,2.216,1,50,0.02
199,Natural,Natural 1,Hudson,Natural,Brown,1,2.216,2,50,0.04
200,Natural,Natural 1,Hudson,Natural,Brown,1,2.216,4,50,0.08
201,Natural,Natural 1,Hudson,Natural,Succulent,2,1.773,2,50,0.04
202,Natural,Natural 1,Hudson,Natural,Succulent,2,1.773,1,50,0.02
203,Natural,Natural 1,Hudson,Natural,Succulent,2,1.773,2,50,0.04
204,Natural,Natural 1,Hudson,Natural,Succulent,2,1.773,0,50,0
205,Natural,Natural 1,Hudson,Natural,Succulent,2,1.773,0,50,0
206,Natural,Natural 1,Hudson,Natural,Brown,2,1.773,0,50,0
207,Natural,Natural 1,Hudson,Natural,Brown,2,1.773,2,50,0.04
208,Natural,Natural 1,Hudson,Natural,Brown,2,1.773,0,50,0
209,Natural,Natural 1,Hudson,Natural,Brown,2,1.773,0,50,0
210,Natural,Natural 1,Hudson,Natural,Brown,2,1.773,1,50,0.02
211,Natural,Natural 1,Hudson,Natural,Succulent,3,1.792,2,50,0.04
212,Natural,Natural 1,Hudson,Natural,Succulent,3,1.792,2,50,0.04
213,Natural,Natural 1,Hudson,Natural,Succulent,3,1.792,1,50,0.02
214,Natural,Natural 1,Hudson,Natural,Succulent,3,1.792,0,50,0
215,Natural,Natural 1,Hudson,Natural,Succulent,3,1.792,2,50,0.04
216,Natural,Natural 1,Hudson,Natural,Brown,3,1.792,1,50,0.02
217,Natural,Natural 1,Hudson,Natural,Brown,3,1.792,0,50,0
218,Natural,Natural 1,Hudson,Natural,Brown,3,1.792,0,50,0
219,Natural,Natural 1,Hudson,Natural,Brown,3,1.792,1,50,0.02
220,Natural,Natural 1,Hudson,Natural,Brown,3,1.792,0,50,0
221,Natural,Natural 3,OSRC,Natural,Brown,1,2.165,24,50,0.48
222,Natural,Natural 3,OSRC,Natural,Brown,1,2.165,2,50,0.04
223,Natural,Natural 3,OSRC,Natural,Brown,1,2.165,19,50,0.38
224,Natural,Natural 3,OSRC,Natural,Brown,1,2.165,22,50,0.44
225,Natural,Natural 3,OSRC,Natural,Brown,1,2.165,6,50,0.12
226,Natural,Natural 3,OSRC,Natural,Brown,1,2.165,7,50,0.14
227,Natural,Natural 3,OSRC,Natural,Brown,1,2.165,3,50,0.06
228,Natural,Natural 3,OSRC,Natural,Brown,1,2.165,1,50,0.02
229,Natural,Natural 3,OSRC,Natural,Brown,1,2.165,0,50,0
230,Natural,Natural 3,OSRC,Natural,Brown,1,2.165,0,50,0
231,Natural,Natural 3,OSRC,Natural,Brown,2,1.773,1,50,0.02
232,Natural,Natural 3,OSRC,Natural,Brown,2,1.773,0,50,0
233,Natural,Natural 3,OSRC,Natural,Brown,2,1.773,0,50,0
234,Natural,Natural 3,OSRC,Natural,Brown,2,1.773,1,50,0.02
235,Natural,Natural 3,OSRC,Natural,Brown,2,1.773,1,50,0.02
236,Natural,Natural 3,OSRC,Natural,Brown,2,1.773,1,50,0.02
237,Natural,Natural 3,OSRC,Natural,Brown,2,1.773,11,50,0.22
238,Natural,Natural 3,OSRC,Natural,Brown,2,1.773,2,50,0.04
239,Natural,Natural 3,OSRC,Natural,Brown,2,1.773,0,50,0
240,Natural,Natural 3,OSRC,Natural,Brown,2,1.773,8,50,0.16
241,Natural,Natural 3,OSRC,Natural,Brown,4,1.674,3,50,0.06
242,Natural,Natural 3,OSRC,Natural,Brown,4,1.674,1,50,0.02
243,Natural,Natural 3,OSRC,Natural,Brown,4,1.674,1,50,0.02
244,Natural,Natural 3,OSRC,Natural,Brown,4,1.674,0,50,0
245,Natural,Natural 3,OSRC,Natural,Brown,4,1.674,0,50,0
246,Natural,Natural 3,OSRC,Natural,Brown,4,1.674,0,50,0
247,Natural,Natural 3,OSRC,Natural,Brown,4,1.674,1,50,0.02
248,Natural,Natural 3,OSRC,Natural,Brown,4,1.674,0,50,0
249,Natural,Natural 3,OSRC,Natural,Brown,4,1.674,0,50,0
250,Natural,Natural 3,OSRC,Natural,Brown,4,1.674,0,50,0
