IDTag,TidalCat,SiteID,Seed Source,Watering,Seeds,D4,D6,D8,D11,D13,D15,D18,D20,D22
181,Muted,Muted3,JettyRidge,Low,148,0,8,8,9,11,12,12,12,12
182,Muted,Muted3,JettyRidge,Low,148,0,6,10,11,12,11,11,11,10
183,Muted,Muted3,JettyRidge,Low,148,0,8,10,10,11,11,11,11,11
184,Muted,Muted3,JettyRidge,Low,148,0,8,4,1,1,2,2,2,2
185,Muted,Muted3,JettyRidge,Low,148,0,6,7,4,6,6,7,8,8
186,Muted,Muted3,JettyRidge,Low,148,0,4,4,5,5,5,5,5,5
187,Muted,Muted3,JettyRidge,High,148,0,2,4,2,2,2,3,3,3
188,Muted,Muted3,JettyRidge,High,148,0,4,4,4,5,5,5,5,5
189,Muted,Muted3,JettyRidge,High,148,0,2,0,4,4,4,4,4,4
190,Muted,Muted3,JettyRidge,High,148,0,7,10,11,15,19,19,20,20
191,Muted,Muted3,JettyRidge,High,148,0,4,5,7,8,9,10,10,10
192,Muted,Muted3,JettyRidge,High,148,0,5,6,9,9,9,9,7,7
193,Muted,Muted5,MoroCojo,Low,142,0,6,7,7,9,9,9,9,9
194,Muted,Muted5,MoroCojo,Low,142,0,2,5,4,6,5,5,4,5
195,Muted,Muted5,MoroCojo,Low,142,0,15,17,21,22,21,21,21,20
196,Muted,Muted5,MoroCojo,Low,142,0,3,3,4,4,6,5,5,5
197,Muted,Muted5,MoroCojo,Low,142,0,8,9,14,14,16,16,16,16
198,Muted,Muted5,MoroCojo,Low,142,0,11,14,15,15,16,16,15,14
199,Muted,Muted5,MoroCojo,High,142,0,3,3,4,4,6,6,5,7
200,Muted,Muted5,MoroCojo,High,142,0,6,6,6,6,7,7,5,5
201,Muted,Muted5,MoroCojo,High,142,0,5,7,10,11,11,11,11,11
202,Muted,Muted5,MoroCojo,High,142,0,3,4,4,4,5,5,5,5
203,Muted,Muted5,MoroCojo,High,142,0,5,5,10,10,10,10,9,7
204,Muted,Muted5,MoroCojo,High,142,0,2,2,3,3,4,4,3,3
205,Muted,Muted2,Estrada,Low,98,0,3,5,5,4,6,6,6,6
206,Muted,Muted2,Estrada,Low,98,0,6,11,14,15,16,16,16,16
207,Muted,Muted2,Estrada,Low,98,0,12,16,16,18,22,22,21,20
208,Muted,Muted2,Estrada,Low,98,0,14,18,18,18,18,18,15,15
209,Muted,Muted2,Estrada,Low,98,0,5,8,8,8,8,10,10,10
210,Muted,Muted2,Estrada,Low,98,0,13,21,23,26,30,31,31,27
211,Muted,Muted2,Estrada,High,98,0,8,10,14,14,13,12,11,11
212,Muted,Muted2,Estrada,High,98,0,6,8,13,14,14,14,10,10
213,Muted,Muted2,Estrada,High,98,0,4,6,11,12,12,12,10,9
214,Muted,Muted2,Estrada,High,98,0,2,2,2,2,2,1,2,1
215,Muted,Muted2,Estrada,High,98,0,3,4,5,7,6,5,3,2
216,Muted,Muted2,Estrada,High,98,0,6,4,14,14,14,14,14,14
217,Muted,Muted1,MidAzevedo,Low,169,0,13,18,18,19,19,19,19,19
218,Muted,Muted1,MidAzevedo,Low,169,0,7,14,11,10,11,12,12,11
219,Muted,Muted1,MidAzevedo,Low,169,0,10,11,3,0,0,1,0,0
220,Muted,Muted1,MidAzevedo,Low,169,0,5,6,4,3,1,0,0,0
221,Muted,Muted1,MidAzevedo,Low,169,0,4,3,3,2,1,1,2,2
222,Muted,Muted1,MidAzevedo,Low,169,0,16,17,20,20,17,15,11,10
223,Muted,Muted1,MidAzevedo,High,169,0,0,1,1,1,1,1,1,1
224,Muted,Muted1,MidAzevedo,High,169,0,9,13,13,13,15,15,15,15
225,Muted,Muted1,MidAzevedo,High,169,0,3,3,4,4,4,4,4,4
226,Muted,Muted1,MidAzevedo,High,169,0,5,9,11,14,14,14,14,14
227,Muted,Muted1,MidAzevedo,High,169,0,8,11,11,12,12,13,13,13
228,Muted,Muted1,MidAzevedo,High,169,0,8,8,15,15,16,16,16,15
229,Muted,Muted4,MLWA,Low,156,0,6,7,13,13,13,12,6,7
230,Muted,Muted4,MLWA,Low,156,0,6,7,10,10,10,11,7,5
231,Muted,Muted4,MLWA,Low,156,0,6,9,10,11,13,14,14,14
232,Muted,Muted4,MLWA,Low,156,0,11,20,20,16,17,17,11,10
233,Muted,Muted4,MLWA,Low,156,0,7,10,13,10,13,13,13,13
234,Muted,Muted4,MLWA,Low,156,0,5,7,7,7,7,7,6,4
235,Muted,Muted4,MLWA,High,156,0,9,14,14,14,15,12,13,14
236,Muted,Muted4,MLWA,High,156,0,5,7,18,19,19,21,21,21
237,Muted,Muted4,MLWA,High,156,0,16,16,16,16,16,16,16,17
238,Muted,Muted4,MLWA,High,156,0,10,11,17,20,20,24,24,24
239,Muted,Muted4,MLWA,High,156,0,19,22,22,22,24,26,26,26
240,Muted,Muted4,MLWA,High,156,0,10,15,17,19,19,22,22,24
241,Restored,Restored,P1,Low,131,0,11,21,25,25,25,2,0,0
242,Restored,Restored,P1,Low,131,0,16,18,22,22,22,24,20,19
243,Restored,Restored,P1,Low,131,0,6,11,11,11,11,8,5,2
244,Restored,Restored,P1,Low,131,0,12,18,19,24,24,24,24,23
245,Restored,Restored,P1,Low,131,0,6,6,7,7,7,8,6,6
246,Restored,Restored,P1,Low,131,0,9,13,14,15,15,15,10,7
247,Restored,Restored,P1,High,131,0,3,4,6,6,6,8,8,8
248,Restored,Restored,P1,High,131,0,7,9,9,9,7,9,6,6
249,Restored,Restored,P1,High,131,0,8,15,15,16,16,16,15,15
250,Restored,Restored,P1,High,131,0,6,6,9,12,10,10,10,10
251,Restored,Restored,P1,High,131,0,4,7,11,12,12,8,8,8
252,Restored,Restored,P1,High,131,0,10,10,16,16,16,16,13,13
253,Restored,Restored,P2,Low,142,0,15,16,20,22,27,27,25,25
254,Restored,Restored,P2,Low,142,0,13,16,19,20,21,20,23,20
255,Restored,Restored,P2,Low,142,0,15,16,21,20,23,20,17,17
256,Restored,Restored,P2,Low,142,0,9,12,14,15,15,16,16,16
257,Restored,Restored,P2,Low,142,0,21,27,29,31,31,31,31,31
258,Restored,Restored,P2,Low,142,0,6,10,10,12,12,12,12,12
259,Restored,Restored,P2,High,142,0,14,17,17,23,23,23,22,19
260,Restored,Restored,P2,High,142,0,8,10,10,10,12,13,10,10
261,Restored,Restored,P2,High,142,0,6,10,10,10,9,9,9,9
262,Restored,Restored,P2,High,142,0,13,14,16,16,16,16,13,12
263,Restored,Restored,P2,High,142,0,6,7,7,7,11,9,8,8
264,Restored,Restored,P2,High,142,0,11,17,26,26,28,28,15,15
265,Tidal,Tidal2,Yampah,Low,120,0,2,2,3,3,3,3,1,1
266,Tidal,Tidal2,Yampah,Low,120,0,4,5,5,5,5,5,5,5
267,Tidal,Tidal2,Yampah,Low,120,0,10,10,13,13,14,14,18,18
268,Tidal,Tidal2,Yampah,Low,120,0,2,2,0,0,0,1,0,0
269,Tidal,Tidal2,Yampah,Low,120,0,11,11,12,14,15,15,13,13
270,Tidal,Tidal2,Yampah,Low,120,0,3,6,11,11,11,11,11,10
271,Tidal,Tidal2,Yampah,High,120,0,5,7,7,8,7,7,7,7
272,Tidal,Tidal2,Yampah,High,120,0,6,12,16,16,17,17,14,14
273,Tidal,Tidal2,Yampah,High,120,0,2,4,5,5,6,6,5,4
274,Tidal,Tidal2,Yampah,High,120,0,3,3,3,3,3,3,4,3
275,Tidal,Tidal2,Yampah,High,120,0,8,11,14,14,14,14,14,14
276,Tidal,Tidal2,Yampah,High,120,0,6,4,7,8,8,8,9,8
277,Tidal,Tidal4,Kirby,Low,103,0,4,3,3,3,2,1,1,0
278,Tidal,Tidal4,Kirby,Low,103,0,4,4,5,4,5,5,4,3
279,Tidal,Tidal4,Kirby,Low,103,0,2,3,2,2,2,3,1,0
280,Tidal,Tidal4,Kirby,Low,103,0,2,2,1,1,1,2,0,0
281,Tidal,Tidal4,Kirby,Low,103,0,1,0,0,0,0,0,0,0
282,Tidal,Tidal4,Kirby,Low,103,0,1,3,3,2,3,3,3,2
283,Tidal,Tidal4,Kirby,High,103,0,6,6,7,7,7,7,7,7
284,Tidal,Tidal4,Kirby,High,103,0,5,6,6,7,7,7,9,9
285,Tidal,Tidal4,Kirby,High,103,0,2,3,3,1,1,1,1,1
286,Tidal,Tidal4,Kirby,High,103,0,3,3,3,3,3,2,1,1
287,Tidal,Tidal4,Kirby,High,103,0,1,1,0,0,1,1,1,1
288,Tidal,Tidal4,Kirby,High,103,0,3,3,2,2,3,3,4,4
289,Tidal,Tidal5,SharkFlats,Low,79,0,5,7,10,9,8,4,2,2
290,Tidal,Tidal5,SharkFlats,Low,79,0,2,3,3,5,6,6,4,3
291,Tidal,Tidal5,SharkFlats,Low,79,0,2,4,4,4,5,6,5,5
292,Tidal,Tidal5,SharkFlats,Low,79,0,2,2,1,1,2,1,1,0
293,Tidal,Tidal5,SharkFlats,Low,79,0,1,1,1,1,1,1,1,0
294,Tidal,Tidal5,SharkFlats,Low,79,0,8,9,9,9,7,7,5,5
295,Tidal,Tidal5,SharkFlats,High,79,0,13,14,15,20,24,24,24,23
296,Tidal,Tidal5,SharkFlats,High,79,0,7,7,9,10,11,11,9,9
297,Tidal,Tidal5,SharkFlats,High,79,0,8,8,8,11,12,14,12,12
298,Tidal,Tidal5,SharkFlats,High,79,0,3,3,3,4,4,4,4,4
299,Tidal,Tidal5,SharkFlats,High,79,0,0,2,1,2,2,2,1,1
300,Tidal,Tidal5,SharkFlats,High,79,0,4,4,6,6,7,7,6,6
